step,n_found,recall
1,1,0.007633587786259542
2,1,0.007633587786259542
3,2,0.015267175572519083
4,3,0.022900763358778626
5,4,0.030534351145038167
6,4,0.030534351145038167
7,5,0.03816793893129771
8,6,0.04580152671755725
9,6,0.04580152671755725
10,7,0.05343511450381679
11,8,0.061068702290076333
12,9,0.06870229007633588
13,10,0.07633587786259542
14,11,0.08396946564885496
15,11,0.08396946564885496
16,12,0.0916030534351145
17,12,0.0916030534351145
18,13,0.09923664122137404
19,13,0.09923664122137404
20,13,0.09923664122137404
21,13,0.09923664122137404
22,14,0.10687022900763359
23,15,0.11450381679389313
24,16,0.12213740458015267
25,16,0.12213740458015267
26,16,0.12213740458015267
27,17,0.1297709923664122
28,18,0.13740458015267176
29,18,0.13740458015267176
30,18,0.13740458015267176
31,18,0.13740458015267176
32,18,0.13740458015267176
33,19,0.1450381679389313
34,20,0.15267175572519084
35,21,0.16030534351145037
36,22,0.16793893129770993
37,22,0.16793893129770993
38,23,0.17557251908396945
39,23,0.17557251908396945
40,23,0.17557251908396945
41,23,0.17557251908396945
42,24,0.183206106870229
43,25,0.19083969465648856
44,26,0.1984732824427481
45,26,0.1984732824427481
46,26,0.1984732824427481
47,27,0.20610687022900764
48,28,0.21374045801526717
49,29,0.22137404580152673
50,29,0.22137404580152673
51,30,0.22900763358778625
52,30,0.22900763358778625
53,31,0.2366412213740458
54,32,0.24427480916030533
55,32,0.24427480916030533
56,32,0.24427480916030533
57,33,0.25190839694656486
58,33,0.25190839694656486
59,33,0.25190839694656486
60,34,0.2595419847328244
61,35,0.26717557251908397
62,35,0.26717557251908397
63,36,0.2748091603053435
64,36,0.2748091603053435
65,37,0.2824427480916031
66,37,0.2824427480916031
67,37,0.2824427480916031
68,38,0.2900763358778626
69,38,0.2900763358778626
70,38,0.2900763358778626
71,38,0.2900763358778626
72,38,0.2900763358778626
73,38,0.2900763358778626
74,39,0.29770992366412213
75,40,0.3053435114503817
76,40,0.3053435114503817
77,40,0.3053435114503817
78,41,0.31297709923664124
79,42,0.32061068702290074
80,42,0.32061068702290074
81,42,0.32061068702290074
82,43,0.3282442748091603
83,44,0.33587786259541985
84,45,0.3435114503816794
85,46,0.3511450381679389
86,46,0.3511450381679389
87,46,0.3511450381679389
88,47,0.35877862595419846
89,47,0.35877862595419846
90,47,0.35877862595419846
91,48,0.366412213740458
92,49,0.37404580152671757
93,50,0.3816793893129771
94,50,0.3816793893129771
95,50,0.3816793893129771
96,50,0.3816793893129771
97,50,0.3816793893129771
98,50,0.3816793893129771
99,50,0.3816793893129771
100,51,0.3893129770992366
101,52,0.3969465648854962
102,53,0.40458015267175573
103,54,0.4122137404580153
104,54,0.4122137404580153
105,55,0.4198473282442748
106,56,0.42748091603053434
107,56,0.42748091603053434
108,56,0.42748091603053434
109,57,0.4351145038167939
110,57,0.4351145038167939
111,58,0.44274809160305345
112,59,0.45038167938931295
113,60,0.4580152671755725
114,61,0.46564885496183206
115,62,0.4732824427480916
116,62,0.4732824427480916
117,63,0.48091603053435117
118,63,0.48091603053435117
119,63,0.48091603053435117
120,64,0.48854961832061067
121,64,0.48854961832061067
122,65,0.4961832061068702
123,65,0.4961832061068702
124,65,0.4961832061068702
125,65,0.4961832061068702
126,65,0.4961832061068702
127,66,0.5038167938931297
128,66,0.5038167938931297
129,66,0.5038167938931297
130,66,0.5038167938931297
131,66,0.5038167938931297
132,66,0.5038167938931297
133,66,0.5038167938931297
134,67,0.5114503816793893
135,67,0.5114503816793893
136,67,0.5114503816793893
137,68,0.5190839694656488
138,69,0.5267175572519084
139,70,0.5343511450381679
140,71,0.5419847328244275
141,72,0.549618320610687
142,73,0.5572519083969466
143,73,0.5572519083969466
144,73,0.5572519083969466
145,74,0.5648854961832062
146,75,0.5725190839694656
147,76,0.5801526717557252
148,77,0.5877862595419847
149,77,0.5877862595419847
150,77,0.5877862595419847
151,77,0.5877862595419847
152,77,0.5877862595419847
153,77,0.5877862595419847
154,77,0.5877862595419847
155,77,0.5877862595419847
156,78,0.5954198473282443
157,78,0.5954198473282443
158,78,0.5954198473282443
159,78,0.5954198473282443
160,78,0.5954198473282443
161,79,0.6030534351145038
162,80,0.6106870229007634
163,81,0.6183206106870229
164,82,0.6259541984732825
165,82,0.6259541984732825
166,82,0.6259541984732825
167,82,0.6259541984732825
168,82,0.6259541984732825
169,82,0.6259541984732825
170,82,0.6259541984732825
171,82,0.6259541984732825
172,82,0.6259541984732825
173,82,0.6259541984732825
174,83,0.6335877862595419
175,83,0.6335877862595419
176,84,0.6412213740458015
177,85,0.648854961832061
178,85,0.648854961832061
179,85,0.648854961832061
180,85,0.648854961832061
181,85,0.648854961832061
182,86,0.6564885496183206
183,86,0.6564885496183206
184,86,0.6564885496183206
185,87,0.6641221374045801
186,87,0.6641221374045801
187,87,0.6641221374045801
188,88,0.6717557251908397
189,88,0.6717557251908397
190,89,0.6793893129770993
191,89,0.6793893129770993
192,89,0.6793893129770993
193,89,0.6793893129770993
194,89,0.6793893129770993
195,90,0.6870229007633588
196,90,0.6870229007633588
197,90,0.6870229007633588
198,90,0.6870229007633588
199,90,0.6870229007633588
200,91,0.6946564885496184
201,91,0.6946564885496184
202,91,0.6946564885496184
203,91,0.6946564885496184
204,91,0.6946564885496184
205,92,0.7022900763358778
206,92,0.7022900763358778
207,92,0.7022900763358778
208,92,0.7022900763358778
209,92,0.7022900763358778
210,92,0.7022900763358778
211,92,0.7022900763358778
212,92,0.7022900763358778
213,92,0.7022900763358778
214,92,0.7022900763358778
215,92,0.7022900763358778
216,92,0.7022900763358778
217,92,0.7022900763358778
218,93,0.7099236641221374
219,94,0.7175572519083969
220,94,0.7175572519083969
221,94,0.7175572519083969
222,94,0.7175572519083969
223,94,0.7175572519083969
224,94,0.7175572519083969
225,94,0.7175572519083969
226,94,0.7175572519083969
227,94,0.7175572519083969
228,94,0.7175572519083969
229,95,0.7251908396946565
230,95,0.7251908396946565
231,96,0.732824427480916
232,96,0.732824427480916
233,97,0.7404580152671756
234,97,0.7404580152671756
235,97,0.7404580152671756
236,97,0.7404580152671756
237,97,0.7404580152671756
238,97,0.7404580152671756
239,97,0.7404580152671756
240,97,0.7404580152671756
241,97,0.7404580152671756
242,98,0.7480916030534351
243,98,0.7480916030534351
244,98,0.7480916030534351
245,98,0.7480916030534351
246,98,0.7480916030534351
247,98,0.7480916030534351
248,98,0.7480916030534351
249,98,0.7480916030534351
250,98,0.7480916030534351
251,98,0.7480916030534351
252,98,0.7480916030534351
253,98,0.7480916030534351
254,98,0.7480916030534351
255,98,0.7480916030534351
256,99,0.7557251908396947
257,99,0.7557251908396947
258,99,0.7557251908396947
259,99,0.7557251908396947
260,99,0.7557251908396947
261,99,0.7557251908396947
262,99,0.7557251908396947
263,99,0.7557251908396947
264,99,0.7557251908396947
265,99,0.7557251908396947
266,99,0.7557251908396947
267,99,0.7557251908396947
268,99,0.7557251908396947
269,99,0.7557251908396947
270,99,0.7557251908396947
271,99,0.7557251908396947
272,99,0.7557251908396947
273,99,0.7557251908396947
274,99,0.7557251908396947
275,99,0.7557251908396947
276,99,0.7557251908396947
277,99,0.7557251908396947
278,99,0.7557251908396947
279,99,0.7557251908396947
280,99,0.7557251908396947
281,99,0.7557251908396947
282,99,0.7557251908396947
283,99,0.7557251908396947
284,99,0.7557251908396947
285,99,0.7557251908396947
286,99,0.7557251908396947
287,99,0.7557251908396947
288,99,0.7557251908396947
289,99,0.7557251908396947
290,99,0.7557251908396947
291,99,0.7557251908396947
292,99,0.7557251908396947
293,99,0.7557251908396947
294,99,0.7557251908396947
295,99,0.7557251908396947
296,99,0.7557251908396947
297,99,0.7557251908396947
298,99,0.7557251908396947
299,99,0.7557251908396947
300,99,0.7557251908396947
301,99,0.7557251908396947
302,99,0.7557251908396947
303,100,0.7633587786259542
304,100,0.7633587786259542
305,100,0.7633587786259542
306,100,0.7633587786259542
307,100,0.7633587786259542
308,100,0.7633587786259542
309,100,0.7633587786259542
310,100,0.7633587786259542
311,100,0.7633587786259542
312,101,0.7709923664122137
313,101,0.7709923664122137
314,101,0.7709923664122137
315,101,0.7709923664122137
316,101,0.7709923664122137
317,101,0.7709923664122137
318,101,0.7709923664122137
319,101,0.7709923664122137
320,101,0.7709923664122137
321,101,0.7709923664122137
322,101,0.7709923664122137
323,101,0.7709923664122137
324,101,0.7709923664122137
325,101,0.7709923664122137
326,101,0.7709923664122137
327,101,0.7709923664122137
328,101,0.7709923664122137
329,101,0.7709923664122137
330,101,0.7709923664122137
331,101,0.7709923664122137
332,101,0.7709923664122137
333,101,0.7709923664122137
334,101,0.7709923664122137
335,101,0.7709923664122137
336,101,0.7709923664122137
337,101,0.7709923664122137
338,101,0.7709923664122137
339,101,0.7709923664122137
340,101,0.7709923664122137
341,101,0.7709923664122137
342,101,0.7709923664122137
343,101,0.7709923664122137
344,101,0.7709923664122137
345,101,0.7709923664122137
346,101,0.7709923664122137
347,101,0.7709923664122137
348,101,0.7709923664122137
349,101,0.7709923664122137
350,101,0.7709923664122137
351,101,0.7709923664122137
352,101,0.7709923664122137
353,101,0.7709923664122137
354,101,0.7709923664122137
355,101,0.7709923664122137
356,101,0.7709923664122137
357,102,0.7786259541984732
358,102,0.7786259541984732
359,102,0.7786259541984732
360,102,0.7786259541984732
361,103,0.7862595419847328
362,103,0.7862595419847328
363,104,0.7938931297709924
364,104,0.7938931297709924
365,105,0.8015267175572519
366,105,0.8015267175572519
367,105,0.8015267175572519
368,105,0.8015267175572519
369,105,0.8015267175572519
370,105,0.8015267175572519
371,105,0.8015267175572519
372,105,0.8015267175572519
373,105,0.8015267175572519
374,105,0.8015267175572519
375,105,0.8015267175572519
376,105,0.8015267175572519
377,105,0.8015267175572519
378,105,0.8015267175572519
379,106,0.8091603053435115
380,106,0.8091603053435115
381,106,0.8091603053435115
382,106,0.8091603053435115
383,106,0.8091603053435115
384,106,0.8091603053435115
385,106,0.8091603053435115
386,106,0.8091603053435115
387,106,0.8091603053435115
388,106,0.8091603053435115
389,106,0.8091603053435115
390,106,0.8091603053435115
391,106,0.8091603053435115
392,106,0.8091603053435115
393,106,0.8091603053435115
394,106,0.8091603053435115
395,106,0.8091603053435115
396,106,0.8091603053435115
397,107,0.816793893129771
398,108,0.8244274809160306
399,108,0.8244274809160306
400,108,0.8244274809160306
401,108,0.8244274809160306
402,108,0.8244274809160306
403,108,0.8244274809160306
404,108,0.8244274809160306
405,108,0.8244274809160306
406,108,0.8244274809160306
407,108,0.8244274809160306
408,108,0.8244274809160306
409,108,0.8244274809160306
410,108,0.8244274809160306
411,108,0.8244274809160306
412,108,0.8244274809160306
413,108,0.8244274809160306
414,108,0.8244274809160306
415,109,0.8320610687022901
416,109,0.8320610687022901
417,109,0.8320610687022901
418,109,0.8320610687022901
419,109,0.8320610687022901
420,110,0.8396946564885496
421,110,0.8396946564885496
422,110,0.8396946564885496
423,110,0.8396946564885496
424,110,0.8396946564885496
425,110,0.8396946564885496
426,110,0.8396946564885496
427,110,0.8396946564885496
428,110,0.8396946564885496
429,110,0.8396946564885496
430,110,0.8396946564885496
431,110,0.8396946564885496
432,110,0.8396946564885496
433,110,0.8396946564885496
434,110,0.8396946564885496
435,110,0.8396946564885496
436,110,0.8396946564885496
437,110,0.8396946564885496
438,110,0.8396946564885496
439,110,0.8396946564885496
440,110,0.8396946564885496
441,110,0.8396946564885496
442,110,0.8396946564885496
443,110,0.8396946564885496
444,110,0.8396946564885496
445,110,0.8396946564885496
446,110,0.8396946564885496
447,110,0.8396946564885496
448,110,0.8396946564885496
449,110,0.8396946564885496
450,110,0.8396946564885496
451,110,0.8396946564885496
452,110,0.8396946564885496
453,110,0.8396946564885496
454,110,0.8396946564885496
455,110,0.8396946564885496
456,110,0.8396946564885496
457,110,0.8396946564885496
458,110,0.8396946564885496
459,110,0.8396946564885496
460,110,0.8396946564885496
461,110,0.8396946564885496
462,110,0.8396946564885496
463,110,0.8396946564885496
464,110,0.8396946564885496
465,110,0.8396946564885496
466,110,0.8396946564885496
467,110,0.8396946564885496
468,110,0.8396946564885496
469,110,0.8396946564885496
470,111,0.8473282442748091
471,111,0.8473282442748091
472,112,0.8549618320610687
473,112,0.8549618320610687
474,112,0.8549618320610687
475,112,0.8549618320610687
476,112,0.8549618320610687
477,112,0.8549618320610687
478,112,0.8549618320610687
479,112,0.8549618320610687
480,112,0.8549618320610687
481,112,0.8549618320610687
482,112,0.8549618320610687
483,112,0.8549618320610687
484,112,0.8549618320610687
485,112,0.8549618320610687
486,112,0.8549618320610687
487,112,0.8549618320610687
488,112,0.8549618320610687
489,112,0.8549618320610687
490,112,0.8549618320610687
491,112,0.8549618320610687
492,112,0.8549618320610687
493,112,0.8549618320610687
494,112,0.8549618320610687
495,112,0.8549618320610687
496,112,0.8549618320610687
497,112,0.8549618320610687
498,112,0.8549618320610687
499,112,0.8549618320610687
500,112,0.8549618320610687
501,112,0.8549618320610687
502,112,0.8549618320610687
503,112,0.8549618320610687
504,112,0.8549618320610687
505,112,0.8549618320610687
506,112,0.8549618320610687
507,112,0.8549618320610687
508,112,0.8549618320610687
509,112,0.8549618320610687
510,112,0.8549618320610687
511,112,0.8549618320610687
512,112,0.8549618320610687
513,112,0.8549618320610687
514,112,0.8549618320610687
515,112,0.8549618320610687
516,112,0.8549618320610687
517,112,0.8549618320610687
518,112,0.8549618320610687
519,112,0.8549618320610687
520,112,0.8549618320610687
521,112,0.8549618320610687
522,112,0.8549618320610687
523,112,0.8549618320610687
524,112,0.8549618320610687
525,112,0.8549618320610687
526,112,0.8549618320610687
527,112,0.8549618320610687
528,112,0.8549618320610687
529,112,0.8549618320610687
530,112,0.8549618320610687
531,112,0.8549618320610687
532,112,0.8549618320610687
533,112,0.8549618320610687
534,113,0.8625954198473282
535,113,0.8625954198473282
536,113,0.8625954198473282
537,113,0.8625954198473282
538,113,0.8625954198473282
539,113,0.8625954198473282
540,113,0.8625954198473282
541,113,0.8625954198473282
542,113,0.8625954198473282
543,113,0.8625954198473282
544,114,0.8702290076335878
545,114,0.8702290076335878
546,114,0.8702290076335878
547,114,0.8702290076335878
548,114,0.8702290076335878
549,114,0.8702290076335878
550,114,0.8702290076335878
551,114,0.8702290076335878
552,115,0.8778625954198473
553,115,0.8778625954198473
554,115,0.8778625954198473
555,115,0.8778625954198473
556,115,0.8778625954198473
557,115,0.8778625954198473
558,115,0.8778625954198473
559,115,0.8778625954198473
560,115,0.8778625954198473
561,115,0.8778625954198473
562,115,0.8778625954198473
563,115,0.8778625954198473
564,115,0.8778625954198473
565,115,0.8778625954198473
566,115,0.8778625954198473
567,115,0.8778625954198473
568,115,0.8778625954198473
569,115,0.8778625954198473
570,115,0.8778625954198473
571,115,0.8778625954198473
572,115,0.8778625954198473
573,115,0.8778625954198473
574,115,0.8778625954198473
575,115,0.8778625954198473
576,115,0.8778625954198473
577,115,0.8778625954198473
578,115,0.8778625954198473
579,115,0.8778625954198473
580,115,0.8778625954198473
581,115,0.8778625954198473
582,115,0.8778625954198473
583,115,0.8778625954198473
584,115,0.8778625954198473
585,115,0.8778625954198473
586,115,0.8778625954198473
587,115,0.8778625954198473
588,115,0.8778625954198473
589,115,0.8778625954198473
590,115,0.8778625954198473
591,115,0.8778625954198473
592,115,0.8778625954198473
593,115,0.8778625954198473
594,115,0.8778625954198473
595,115,0.8778625954198473
596,115,0.8778625954198473
597,115,0.8778625954198473
598,115,0.8778625954198473
599,115,0.8778625954198473
600,115,0.8778625954198473
601,115,0.8778625954198473
602,115,0.8778625954198473
603,115,0.8778625954198473
604,115,0.8778625954198473
605,115,0.8778625954198473
606,115,0.8778625954198473
607,115,0.8778625954198473
608,115,0.8778625954198473
609,115,0.8778625954198473
610,115,0.8778625954198473
611,115,0.8778625954198473
612,115,0.8778625954198473
613,115,0.8778625954198473
614,115,0.8778625954198473
615,115,0.8778625954198473
616,115,0.8778625954198473
617,115,0.8778625954198473
618,115,0.8778625954198473
619,115,0.8778625954198473
620,115,0.8778625954198473
621,115,0.8778625954198473
622,115,0.8778625954198473
623,115,0.8778625954198473
624,115,0.8778625954198473
625,115,0.8778625954198473
626,115,0.8778625954198473
627,115,0.8778625954198473
628,115,0.8778625954198473
629,115,0.8778625954198473
630,115,0.8778625954198473
631,115,0.8778625954198473
632,115,0.8778625954198473
633,115,0.8778625954198473
634,115,0.8778625954198473
635,115,0.8778625954198473
636,115,0.8778625954198473
637,115,0.8778625954198473
638,115,0.8778625954198473
639,115,0.8778625954198473
640,115,0.8778625954198473
641,115,0.8778625954198473
642,115,0.8778625954198473
643,115,0.8778625954198473
644,115,0.8778625954198473
645,115,0.8778625954198473
646,115,0.8778625954198473
647,115,0.8778625954198473
648,115,0.8778625954198473
649,115,0.8778625954198473
650,115,0.8778625954198473
651,115,0.8778625954198473
652,115,0.8778625954198473
653,115,0.8778625954198473
654,115,0.8778625954198473
655,115,0.8778625954198473
656,115,0.8778625954198473
657,115,0.8778625954198473
658,115,0.8778625954198473
659,115,0.8778625954198473
660,116,0.8854961832061069
661,116,0.8854961832061069
662,116,0.8854961832061069
663,116,0.8854961832061069
664,116,0.8854961832061069
665,116,0.8854961832061069
666,116,0.8854961832061069
667,116,0.8854961832061069
668,117,0.8931297709923665
669,117,0.8931297709923665
670,117,0.8931297709923665
671,117,0.8931297709923665
672,117,0.8931297709923665
673,117,0.8931297709923665
674,117,0.8931297709923665
675,117,0.8931297709923665
676,117,0.8931297709923665
677,117,0.8931297709923665
678,117,0.8931297709923665
679,117,0.8931297709923665
680,117,0.8931297709923665
681,117,0.8931297709923665
682,117,0.8931297709923665
683,117,0.8931297709923665
684,117,0.8931297709923665
685,117,0.8931297709923665
686,117,0.8931297709923665
687,117,0.8931297709923665
688,117,0.8931297709923665
689,117,0.8931297709923665
690,117,0.8931297709923665
691,117,0.8931297709923665
692,117,0.8931297709923665
693,117,0.8931297709923665
694,117,0.8931297709923665
695,117,0.8931297709923665
696,117,0.8931297709923665
697,117,0.8931297709923665
698,117,0.8931297709923665
699,117,0.8931297709923665
700,117,0.8931297709923665
701,117,0.8931297709923665
702,117,0.8931297709923665
703,117,0.8931297709923665
704,117,0.8931297709923665
705,117,0.8931297709923665
706,117,0.8931297709923665
707,117,0.8931297709923665
708,117,0.8931297709923665
709,117,0.8931297709923665
710,117,0.8931297709923665
711,117,0.8931297709923665
712,117,0.8931297709923665
713,117,0.8931297709923665
714,117,0.8931297709923665
715,117,0.8931297709923665
716,117,0.8931297709923665
717,117,0.8931297709923665
718,117,0.8931297709923665
719,117,0.8931297709923665
720,117,0.8931297709923665
721,117,0.8931297709923665
722,117,0.8931297709923665
723,117,0.8931297709923665
724,117,0.8931297709923665
725,117,0.8931297709923665
726,117,0.8931297709923665
727,117,0.8931297709923665
728,117,0.8931297709923665
729,117,0.8931297709923665
730,117,0.8931297709923665
731,117,0.8931297709923665
732,117,0.8931297709923665
733,117,0.8931297709923665
734,117,0.8931297709923665
735,117,0.8931297709923665
736,117,0.8931297709923665
737,117,0.8931297709923665
738,117,0.8931297709923665
739,117,0.8931297709923665
740,117,0.8931297709923665
741,117,0.8931297709923665
742,117,0.8931297709923665
743,117,0.8931297709923665
744,117,0.8931297709923665
745,117,0.8931297709923665
746,117,0.8931297709923665
747,117,0.8931297709923665
748,117,0.8931297709923665
749,117,0.8931297709923665
750,117,0.8931297709923665
751,117,0.8931297709923665
752,117,0.8931297709923665
753,117,0.8931297709923665
754,117,0.8931297709923665
755,117,0.8931297709923665
756,117,0.8931297709923665
757,117,0.8931297709923665
758,117,0.8931297709923665
759,117,0.8931297709923665
760,117,0.8931297709923665
761,117,0.8931297709923665
762,117,0.8931297709923665
763,117,0.8931297709923665
764,117,0.8931297709923665
765,117,0.8931297709923665
766,117,0.8931297709923665
767,117,0.8931297709923665
768,117,0.8931297709923665
769,117,0.8931297709923665
770,117,0.8931297709923665
771,117,0.8931297709923665
772,117,0.8931297709923665
773,117,0.8931297709923665
774,117,0.8931297709923665
775,117,0.8931297709923665
776,117,0.8931297709923665
777,117,0.8931297709923665
778,117,0.8931297709923665
779,117,0.8931297709923665
780,117,0.8931297709923665
781,117,0.8931297709923665
782,117,0.8931297709923665
783,117,0.8931297709923665
784,117,0.8931297709923665
785,117,0.8931297709923665
786,117,0.8931297709923665
787,117,0.8931297709923665
788,117,0.8931297709923665
789,117,0.8931297709923665
790,117,0.8931297709923665
791,117,0.8931297709923665
792,117,0.8931297709923665
793,117,0.8931297709923665
794,117,0.8931297709923665
795,117,0.8931297709923665
796,117,0.8931297709923665
797,117,0.8931297709923665
798,117,0.8931297709923665
799,117,0.8931297709923665
800,117,0.8931297709923665
801,117,0.8931297709923665
802,117,0.8931297709923665
803,117,0.8931297709923665
804,117,0.8931297709923665
805,117,0.8931297709923665
806,117,0.8931297709923665
807,117,0.8931297709923665
808,117,0.8931297709923665
809,117,0.8931297709923665
810,117,0.8931297709923665
811,117,0.8931297709923665
812,117,0.8931297709923665
813,117,0.8931297709923665
814,117,0.8931297709923665
815,117,0.8931297709923665
816,117,0.8931297709923665
817,117,0.8931297709923665
818,117,0.8931297709923665
819,117,0.8931297709923665
820,117,0.8931297709923665
821,117,0.8931297709923665
822,117,0.8931297709923665
823,117,0.8931297709923665
824,117,0.8931297709923665
825,117,0.8931297709923665
826,117,0.8931297709923665
827,117,0.8931297709923665
828,117,0.8931297709923665
829,117,0.8931297709923665
830,117,0.8931297709923665
831,117,0.8931297709923665
832,117,0.8931297709923665
833,117,0.8931297709923665
834,117,0.8931297709923665
835,117,0.8931297709923665
836,117,0.8931297709923665
837,117,0.8931297709923665
838,117,0.8931297709923665
839,117,0.8931297709923665
840,117,0.8931297709923665
841,117,0.8931297709923665
842,117,0.8931297709923665
843,117,0.8931297709923665
844,117,0.8931297709923665
845,117,0.8931297709923665
846,117,0.8931297709923665
847,117,0.8931297709923665
848,117,0.8931297709923665
849,117,0.8931297709923665
850,117,0.8931297709923665
851,117,0.8931297709923665
852,117,0.8931297709923665
853,117,0.8931297709923665
854,117,0.8931297709923665
855,117,0.8931297709923665
856,117,0.8931297709923665
857,117,0.8931297709923665
858,117,0.8931297709923665
859,117,0.8931297709923665
860,117,0.8931297709923665
861,117,0.8931297709923665
862,117,0.8931297709923665
863,117,0.8931297709923665
864,117,0.8931297709923665
865,117,0.8931297709923665
866,117,0.8931297709923665
867,117,0.8931297709923665
868,117,0.8931297709923665
869,117,0.8931297709923665
870,117,0.8931297709923665
871,117,0.8931297709923665
872,117,0.8931297709923665
873,117,0.8931297709923665
874,117,0.8931297709923665
875,117,0.8931297709923665
876,117,0.8931297709923665
877,117,0.8931297709923665
878,117,0.8931297709923665
879,117,0.8931297709923665
880,117,0.8931297709923665
881,117,0.8931297709923665
882,117,0.8931297709923665
883,117,0.8931297709923665
884,117,0.8931297709923665
885,117,0.8931297709923665
886,117,0.8931297709923665
887,117,0.8931297709923665
888,117,0.8931297709923665
889,117,0.8931297709923665
890,117,0.8931297709923665
891,117,0.8931297709923665
892,117,0.8931297709923665
893,117,0.8931297709923665
894,117,0.8931297709923665
895,117,0.8931297709923665
896,117,0.8931297709923665
897,117,0.8931297709923665
898,117,0.8931297709923665
899,117,0.8931297709923665
900,117,0.8931297709923665
901,117,0.8931297709923665
902,117,0.8931297709923665
903,117,0.8931297709923665
904,117,0.8931297709923665
905,117,0.8931297709923665
906,117,0.8931297709923665
907,117,0.8931297709923665
908,117,0.8931297709923665
909,117,0.8931297709923665
910,117,0.8931297709923665
911,117,0.8931297709923665
912,117,0.8931297709923665
913,118,0.9007633587786259
914,118,0.9007633587786259
915,118,0.9007633587786259
916,119,0.9083969465648855
917,119,0.9083969465648855
918,119,0.9083969465648855
919,119,0.9083969465648855
920,119,0.9083969465648855
921,119,0.9083969465648855
922,120,0.916030534351145
923,120,0.916030534351145
924,120,0.916030534351145
925,120,0.916030534351145
926,120,0.916030534351145
927,120,0.916030534351145
928,120,0.916030534351145
929,120,0.916030534351145
930,120,0.916030534351145
931,120,0.916030534351145
932,120,0.916030534351145
933,120,0.916030534351145
934,120,0.916030534351145
935,120,0.916030534351145
936,120,0.916030534351145
937,120,0.916030534351145
938,120,0.916030534351145
939,120,0.916030534351145
940,120,0.916030534351145
941,120,0.916030534351145
942,120,0.916030534351145
943,120,0.916030534351145
944,120,0.916030534351145
945,120,0.916030534351145
946,120,0.916030534351145
947,120,0.916030534351145
948,120,0.916030534351145
949,120,0.916030534351145
950,120,0.916030534351145
951,120,0.916030534351145
952,120,0.916030534351145
953,120,0.916030534351145
954,120,0.916030534351145
955,120,0.916030534351145
956,120,0.916030534351145
957,120,0.916030534351145
958,120,0.916030534351145
959,120,0.916030534351145
960,120,0.916030534351145
961,120,0.916030534351145
962,120,0.916030534351145
963,120,0.916030534351145
964,120,0.916030534351145
965,120,0.916030534351145
966,120,0.916030534351145
967,120,0.916030534351145
968,120,0.916030534351145
969,120,0.916030534351145
970,120,0.916030534351145
971,120,0.916030534351145
972,120,0.916030534351145
973,120,0.916030534351145
974,120,0.916030534351145
975,120,0.916030534351145
976,120,0.916030534351145
977,120,0.916030534351145
978,120,0.916030534351145
979,120,0.916030534351145
980,120,0.916030534351145
981,120,0.916030534351145
982,120,0.916030534351145
983,120,0.916030534351145
984,120,0.916030534351145
985,120,0.916030534351145
986,120,0.916030534351145
987,120,0.916030534351145
988,120,0.916030534351145
989,120,0.916030534351145
990,120,0.916030534351145
991,120,0.916030534351145
992,120,0.916030534351145
993,120,0.916030534351145
994,120,0.916030534351145
995,120,0.916030534351145
996,120,0.916030534351145
997,120,0.916030534351145
998,120,0.916030534351145
999,120,0.916030534351145
1000,120,0.916030534351145
1001,120,0.916030534351145
1002,120,0.916030534351145
1003,120,0.916030534351145
1004,120,0.916030534351145
1005,120,0.916030534351145
1006,120,0.916030534351145
1007,120,0.916030534351145
1008,120,0.916030534351145
1009,120,0.916030534351145
1010,120,0.916030534351145
1011,120,0.916030534351145
1012,120,0.916030534351145
1013,120,0.916030534351145
1014,120,0.916030534351145
1015,120,0.916030534351145
1016,120,0.916030534351145
1017,120,0.916030534351145
1018,120,0.916030534351145
1019,120,0.916030534351145
1020,120,0.916030534351145
1021,120,0.916030534351145
1022,120,0.916030534351145
1023,120,0.916030534351145
1024,120,0.916030534351145
1025,120,0.916030534351145
1026,120,0.916030534351145
1027,120,0.916030534351145
1028,120,0.916030534351145
1029,120,0.916030534351145
1030,120,0.916030534351145
1031,120,0.916030534351145
1032,120,0.916030534351145
1033,120,0.916030534351145
1034,120,0.916030534351145
1035,120,0.916030534351145
1036,120,0.916030534351145
1037,120,0.916030534351145
1038,120,0.916030534351145
1039,120,0.916030534351145
1040,120,0.916030534351145
1041,120,0.916030534351145
1042,120,0.916030534351145
1043,120,0.916030534351145
1044,120,0.916030534351145
1045,120,0.916030534351145
1046,120,0.916030534351145
1047,120,0.916030534351145
1048,120,0.916030534351145
1049,120,0.916030534351145
1050,120,0.916030534351145
1051,120,0.916030534351145
1052,120,0.916030534351145
1053,120,0.916030534351145
1054,120,0.916030534351145
1055,120,0.916030534351145
1056,120,0.916030534351145
1057,120,0.916030534351145
1058,120,0.916030534351145
1059,120,0.916030534351145
1060,120,0.916030534351145
1061,120,0.916030534351145
1062,120,0.916030534351145
1063,120,0.916030534351145
1064,120,0.916030534351145
1065,120,0.916030534351145
1066,120,0.916030534351145
1067,120,0.916030534351145
1068,120,0.916030534351145
1069,120,0.916030534351145
1070,120,0.916030534351145
1071,120,0.916030534351145
1072,120,0.916030534351145
1073,120,0.916030534351145
1074,120,0.916030534351145
1075,120,0.916030534351145
1076,120,0.916030534351145
1077,120,0.916030534351145
1078,120,0.916030534351145
1079,120,0.916030534351145
1080,120,0.916030534351145
1081,120,0.916030534351145
1082,120,0.916030534351145
1083,120,0.916030534351145
1084,120,0.916030534351145
1085,120,0.916030534351145
1086,120,0.916030534351145
1087,120,0.916030534351145
1088,120,0.916030534351145
1089,120,0.916030534351145
1090,120,0.916030534351145
1091,120,0.916030534351145
1092,120,0.916030534351145
1093,120,0.916030534351145
1094,120,0.916030534351145
1095,120,0.916030534351145
1096,121,0.9236641221374046
1097,121,0.9236641221374046
1098,121,0.9236641221374046
1099,121,0.9236641221374046
1100,121,0.9236641221374046
1101,121,0.9236641221374046
1102,121,0.9236641221374046
1103,121,0.9236641221374046
1104,121,0.9236641221374046
1105,121,0.9236641221374046
1106,121,0.9236641221374046
1107,121,0.9236641221374046
1108,121,0.9236641221374046
1109,121,0.9236641221374046
1110,121,0.9236641221374046
1111,121,0.9236641221374046
1112,121,0.9236641221374046
1113,121,0.9236641221374046
1114,121,0.9236641221374046
1115,121,0.9236641221374046
1116,121,0.9236641221374046
1117,121,0.9236641221374046
1118,121,0.9236641221374046
1119,121,0.9236641221374046
1120,121,0.9236641221374046
1121,121,0.9236641221374046
1122,121,0.9236641221374046
1123,121,0.9236641221374046
1124,121,0.9236641221374046
1125,121,0.9236641221374046
1126,121,0.9236641221374046
1127,121,0.9236641221374046
1128,121,0.9236641221374046
1129,121,0.9236641221374046
1130,121,0.9236641221374046
1131,121,0.9236641221374046
1132,121,0.9236641221374046
1133,121,0.9236641221374046
1134,121,0.9236641221374046
1135,121,0.9236641221374046
1136,121,0.9236641221374046
1137,121,0.9236641221374046
1138,121,0.9236641221374046
1139,121,0.9236641221374046
1140,121,0.9236641221374046
1141,121,0.9236641221374046
1142,121,0.9236641221374046
1143,121,0.9236641221374046
1144,121,0.9236641221374046
1145,121,0.9236641221374046
1146,121,0.9236641221374046
1147,121,0.9236641221374046
1148,121,0.9236641221374046
1149,121,0.9236641221374046
1150,121,0.9236641221374046
1151,121,0.9236641221374046
1152,121,0.9236641221374046
1153,121,0.9236641221374046
1154,121,0.9236641221374046
1155,121,0.9236641221374046
1156,121,0.9236641221374046
1157,121,0.9236641221374046
1158,121,0.9236641221374046
1159,121,0.9236641221374046
1160,121,0.9236641221374046
1161,121,0.9236641221374046
1162,121,0.9236641221374046
1163,121,0.9236641221374046
1164,121,0.9236641221374046
1165,121,0.9236641221374046
1166,121,0.9236641221374046
1167,121,0.9236641221374046
1168,121,0.9236641221374046
1169,121,0.9236641221374046
1170,121,0.9236641221374046
1171,121,0.9236641221374046
1172,121,0.9236641221374046
1173,121,0.9236641221374046
1174,121,0.9236641221374046
1175,121,0.9236641221374046
1176,121,0.9236641221374046
1177,121,0.9236641221374046
1178,121,0.9236641221374046
1179,121,0.9236641221374046
1180,121,0.9236641221374046
1181,121,0.9236641221374046
1182,121,0.9236641221374046
1183,122,0.9312977099236641
1184,122,0.9312977099236641
1185,122,0.9312977099236641
1186,123,0.9389312977099237
1187,124,0.9465648854961832
1188,125,0.9541984732824428
1189,125,0.9541984732824428
1190,125,0.9541984732824428
1191,125,0.9541984732824428
1192,125,0.9541984732824428
1193,125,0.9541984732824428
1194,125,0.9541984732824428
1195,125,0.9541984732824428
1196,125,0.9541984732824428
1197,125,0.9541984732824428
1198,125,0.9541984732824428
1199,125,0.9541984732824428
1200,125,0.9541984732824428
1201,125,0.9541984732824428
1202,125,0.9541984732824428
1203,125,0.9541984732824428
1204,125,0.9541984732824428
1205,125,0.9541984732824428
1206,125,0.9541984732824428
1207,125,0.9541984732824428
1208,125,0.9541984732824428
1209,125,0.9541984732824428
1210,125,0.9541984732824428
1211,125,0.9541984732824428
1212,125,0.9541984732824428
1213,125,0.9541984732824428
1214,125,0.9541984732824428
1215,125,0.9541984732824428
1216,125,0.9541984732824428
1217,125,0.9541984732824428
1218,125,0.9541984732824428
1219,125,0.9541984732824428
1220,125,0.9541984732824428
1221,125,0.9541984732824428
1222,125,0.9541984732824428
1223,125,0.9541984732824428
1224,125,0.9541984732824428
1225,125,0.9541984732824428
1226,125,0.9541984732824428
1227,125,0.9541984732824428
1228,125,0.9541984732824428
1229,125,0.9541984732824428
1230,125,0.9541984732824428
1231,125,0.9541984732824428
1232,125,0.9541984732824428
1233,125,0.9541984732824428
1234,125,0.9541984732824428
1235,125,0.9541984732824428
1236,125,0.9541984732824428
1237,125,0.9541984732824428
1238,125,0.9541984732824428
1239,126,0.9618320610687023
1240,126,0.9618320610687023
1241,126,0.9618320610687023
1242,126,0.9618320610687023
1243,126,0.9618320610687023
1244,126,0.9618320610687023
1245,126,0.9618320610687023
1246,126,0.9618320610687023
1247,126,0.9618320610687023
1248,126,0.9618320610687023
1249,126,0.9618320610687023
1250,126,0.9618320610687023
1251,126,0.9618320610687023
1252,126,0.9618320610687023
1253,126,0.9618320610687023
1254,126,0.9618320610687023
1255,126,0.9618320610687023
1256,126,0.9618320610687023
1257,126,0.9618320610687023
1258,126,0.9618320610687023
1259,126,0.9618320610687023
1260,126,0.9618320610687023
1261,126,0.9618320610687023
1262,126,0.9618320610687023
1263,126,0.9618320610687023
1264,126,0.9618320610687023
1265,126,0.9618320610687023
1266,126,0.9618320610687023
1267,126,0.9618320610687023
1268,126,0.9618320610687023
1269,126,0.9618320610687023
1270,126,0.9618320610687023
1271,126,0.9618320610687023
1272,126,0.9618320610687023
1273,126,0.9618320610687023
1274,126,0.9618320610687023
1275,126,0.9618320610687023
1276,126,0.9618320610687023
1277,126,0.9618320610687023
1278,126,0.9618320610687023
1279,126,0.9618320610687023
1280,126,0.9618320610687023
1281,126,0.9618320610687023
1282,126,0.9618320610687023
1283,126,0.9618320610687023
1284,126,0.9618320610687023
1285,126,0.9618320610687023
1286,126,0.9618320610687023
1287,126,0.9618320610687023
1288,126,0.9618320610687023
1289,126,0.9618320610687023
1290,126,0.9618320610687023
1291,126,0.9618320610687023
1292,126,0.9618320610687023
1293,126,0.9618320610687023
1294,126,0.9618320610687023
1295,126,0.9618320610687023
1296,126,0.9618320610687023
1297,126,0.9618320610687023
1298,126,0.9618320610687023
1299,126,0.9618320610687023
1300,126,0.9618320610687023
1301,126,0.9618320610687023
1302,126,0.9618320610687023
1303,126,0.9618320610687023
1304,126,0.9618320610687023
1305,126,0.9618320610687023
1306,126,0.9618320610687023
1307,126,0.9618320610687023
1308,126,0.9618320610687023
1309,126,0.9618320610687023
1310,126,0.9618320610687023
1311,126,0.9618320610687023
1312,126,0.9618320610687023
1313,126,0.9618320610687023
1314,126,0.9618320610687023
1315,126,0.9618320610687023
1316,126,0.9618320610687023
1317,126,0.9618320610687023
1318,126,0.9618320610687023
1319,126,0.9618320610687023
1320,126,0.9618320610687023
1321,126,0.9618320610687023
1322,126,0.9618320610687023
1323,126,0.9618320610687023
1324,126,0.9618320610687023
1325,126,0.9618320610687023
1326,126,0.9618320610687023
1327,126,0.9618320610687023
1328,126,0.9618320610687023
1329,126,0.9618320610687023
1330,126,0.9618320610687023
1331,126,0.9618320610687023
1332,126,0.9618320610687023
1333,126,0.9618320610687023
1334,126,0.9618320610687023
1335,126,0.9618320610687023
1336,126,0.9618320610687023
1337,126,0.9618320610687023
1338,126,0.9618320610687023
1339,126,0.9618320610687023
1340,126,0.9618320610687023
1341,126,0.9618320610687023
1342,126,0.9618320610687023
1343,126,0.9618320610687023
1344,126,0.9618320610687023
1345,126,0.9618320610687023
1346,126,0.9618320610687023
1347,126,0.9618320610687023
1348,126,0.9618320610687023
1349,126,0.9618320610687023
1350,126,0.9618320610687023
1351,126,0.9618320610687023
1352,126,0.9618320610687023
1353,126,0.9618320610687023
1354,126,0.9618320610687023
1355,126,0.9618320610687023
1356,126,0.9618320610687023
1357,126,0.9618320610687023
1358,126,0.9618320610687023
1359,126,0.9618320610687023
1360,126,0.9618320610687023
1361,126,0.9618320610687023
1362,126,0.9618320610687023
1363,126,0.9618320610687023
1364,126,0.9618320610687023
1365,126,0.9618320610687023
1366,126,0.9618320610687023
1367,126,0.9618320610687023
1368,126,0.9618320610687023
1369,126,0.9618320610687023
1370,126,0.9618320610687023
1371,126,0.9618320610687023
1372,126,0.9618320610687023
1373,126,0.9618320610687023
1374,126,0.9618320610687023
1375,126,0.9618320610687023
1376,126,0.9618320610687023
1377,126,0.9618320610687023
1378,126,0.9618320610687023
1379,126,0.9618320610687023
1380,126,0.9618320610687023
1381,126,0.9618320610687023
1382,126,0.9618320610687023
1383,126,0.9618320610687023
1384,126,0.9618320610687023
1385,126,0.9618320610687023
1386,126,0.9618320610687023
1387,126,0.9618320610687023
1388,126,0.9618320610687023
1389,126,0.9618320610687023
1390,126,0.9618320610687023
1391,126,0.9618320610687023
1392,126,0.9618320610687023
1393,126,0.9618320610687023
1394,126,0.9618320610687023
1395,126,0.9618320610687023
1396,127,0.9694656488549618
1397,127,0.9694656488549618
1398,127,0.9694656488549618
1399,127,0.9694656488549618
1400,127,0.9694656488549618
1401,127,0.9694656488549618
1402,127,0.9694656488549618
1403,127,0.9694656488549618
1404,127,0.9694656488549618
1405,127,0.9694656488549618
1406,127,0.9694656488549618
1407,127,0.9694656488549618
1408,127,0.9694656488549618
1409,127,0.9694656488549618
1410,127,0.9694656488549618
1411,127,0.9694656488549618
1412,127,0.9694656488549618
1413,127,0.9694656488549618
1414,127,0.9694656488549618
1415,127,0.9694656488549618
1416,127,0.9694656488549618
1417,127,0.9694656488549618
1418,127,0.9694656488549618
1419,127,0.9694656488549618
1420,127,0.9694656488549618
1421,127,0.9694656488549618
1422,127,0.9694656488549618
1423,127,0.9694656488549618
1424,127,0.9694656488549618
1425,127,0.9694656488549618
1426,127,0.9694656488549618
1427,127,0.9694656488549618
1428,127,0.9694656488549618
1429,127,0.9694656488549618
1430,127,0.9694656488549618
1431,127,0.9694656488549618
1432,127,0.9694656488549618
1433,127,0.9694656488549618
1434,127,0.9694656488549618
1435,127,0.9694656488549618
1436,127,0.9694656488549618
1437,127,0.9694656488549618
1438,127,0.9694656488549618
1439,127,0.9694656488549618
1440,127,0.9694656488549618
1441,127,0.9694656488549618
1442,127,0.9694656488549618
1443,127,0.9694656488549618
1444,127,0.9694656488549618
1445,127,0.9694656488549618
1446,127,0.9694656488549618
1447,127,0.9694656488549618
1448,127,0.9694656488549618
1449,127,0.9694656488549618
1450,127,0.9694656488549618
1451,127,0.9694656488549618
1452,127,0.9694656488549618
1453,127,0.9694656488549618
1454,127,0.9694656488549618
1455,127,0.9694656488549618
1456,127,0.9694656488549618
1457,127,0.9694656488549618
1458,127,0.9694656488549618
1459,127,0.9694656488549618
1460,127,0.9694656488549618
1461,127,0.9694656488549618
1462,127,0.9694656488549618
1463,127,0.9694656488549618
1464,127,0.9694656488549618
1465,127,0.9694656488549618
1466,127,0.9694656488549618
1467,127,0.9694656488549618
1468,127,0.9694656488549618
1469,127,0.9694656488549618
1470,127,0.9694656488549618
1471,127,0.9694656488549618
1472,127,0.9694656488549618
1473,127,0.9694656488549618
1474,127,0.9694656488549618
1475,127,0.9694656488549618
1476,127,0.9694656488549618
1477,127,0.9694656488549618
1478,127,0.9694656488549618
1479,127,0.9694656488549618
1480,127,0.9694656488549618
1481,127,0.9694656488549618
1482,127,0.9694656488549618
1483,127,0.9694656488549618
1484,127,0.9694656488549618
1485,127,0.9694656488549618
1486,127,0.9694656488549618
1487,127,0.9694656488549618
1488,127,0.9694656488549618
1489,127,0.9694656488549618
1490,127,0.9694656488549618
1491,127,0.9694656488549618
1492,127,0.9694656488549618
1493,127,0.9694656488549618
1494,127,0.9694656488549618
1495,127,0.9694656488549618
1496,127,0.9694656488549618
1497,127,0.9694656488549618
1498,127,0.9694656488549618
1499,127,0.9694656488549618
1500,127,0.9694656488549618
1501,127,0.9694656488549618
1502,127,0.9694656488549618
1503,127,0.9694656488549618
1504,127,0.9694656488549618
1505,127,0.9694656488549618
1506,127,0.9694656488549618
1507,127,0.9694656488549618
1508,127,0.9694656488549618
1509,127,0.9694656488549618
1510,127,0.9694656488549618
1511,127,0.9694656488549618
1512,127,0.9694656488549618
1513,127,0.9694656488549618
1514,127,0.9694656488549618
1515,127,0.9694656488549618
1516,127,0.9694656488549618
1517,127,0.9694656488549618
1518,127,0.9694656488549618
1519,127,0.9694656488549618
1520,127,0.9694656488549618
1521,127,0.9694656488549618
1522,127,0.9694656488549618
1523,127,0.9694656488549618
1524,127,0.9694656488549618
1525,127,0.9694656488549618
1526,127,0.9694656488549618
1527,127,0.9694656488549618
1528,127,0.9694656488549618
1529,127,0.9694656488549618
1530,127,0.9694656488549618
1531,127,0.9694656488549618
1532,127,0.9694656488549618
1533,127,0.9694656488549618
1534,127,0.9694656488549618
1535,127,0.9694656488549618
1536,127,0.9694656488549618
1537,127,0.9694656488549618
1538,127,0.9694656488549618
1539,127,0.9694656488549618
1540,127,0.9694656488549618
1541,127,0.9694656488549618
1542,127,0.9694656488549618
1543,127,0.9694656488549618
1544,127,0.9694656488549618
1545,127,0.9694656488549618
1546,127,0.9694656488549618
1547,127,0.9694656488549618
1548,127,0.9694656488549618
1549,127,0.9694656488549618
1550,127,0.9694656488549618
1551,127,0.9694656488549618
1552,127,0.9694656488549618
1553,127,0.9694656488549618
1554,127,0.9694656488549618
1555,127,0.9694656488549618
1556,127,0.9694656488549618
1557,127,0.9694656488549618
1558,127,0.9694656488549618
1559,127,0.9694656488549618
1560,127,0.9694656488549618
1561,127,0.9694656488549618
1562,127,0.9694656488549618
1563,127,0.9694656488549618
1564,127,0.9694656488549618
1565,127,0.9694656488549618
1566,127,0.9694656488549618
1567,127,0.9694656488549618
1568,127,0.9694656488549618
1569,127,0.9694656488549618
1570,127,0.9694656488549618
1571,127,0.9694656488549618
1572,127,0.9694656488549618
1573,127,0.9694656488549618
1574,127,0.9694656488549618
1575,127,0.9694656488549618
1576,127,0.9694656488549618
1577,127,0.9694656488549618
1578,127,0.9694656488549618
1579,127,0.9694656488549618
1580,127,0.9694656488549618
1581,127,0.9694656488549618
1582,127,0.9694656488549618
1583,127,0.9694656488549618
1584,127,0.9694656488549618
1585,127,0.9694656488549618
1586,127,0.9694656488549618
1587,127,0.9694656488549618
1588,127,0.9694656488549618
1589,127,0.9694656488549618
1590,127,0.9694656488549618
1591,127,0.9694656488549618
1592,127,0.9694656488549618
1593,127,0.9694656488549618
1594,127,0.9694656488549618
1595,127,0.9694656488549618
1596,127,0.9694656488549618
1597,127,0.9694656488549618
1598,127,0.9694656488549618
1599,127,0.9694656488549618
1600,127,0.9694656488549618
1601,127,0.9694656488549618
1602,127,0.9694656488549618
1603,127,0.9694656488549618
1604,127,0.9694656488549618
1605,127,0.9694656488549618
1606,127,0.9694656488549618
1607,127,0.9694656488549618
1608,127,0.9694656488549618
1609,127,0.9694656488549618
1610,127,0.9694656488549618
1611,127,0.9694656488549618
1612,127,0.9694656488549618
1613,127,0.9694656488549618
1614,127,0.9694656488549618
1615,127,0.9694656488549618
1616,127,0.9694656488549618
1617,127,0.9694656488549618
1618,127,0.9694656488549618
1619,127,0.9694656488549618
1620,127,0.9694656488549618
1621,127,0.9694656488549618
1622,127,0.9694656488549618
1623,127,0.9694656488549618
1624,127,0.9694656488549618
1625,127,0.9694656488549618
1626,127,0.9694656488549618
1627,127,0.9694656488549618
1628,127,0.9694656488549618
1629,127,0.9694656488549618
1630,127,0.9694656488549618
1631,127,0.9694656488549618
1632,127,0.9694656488549618
1633,127,0.9694656488549618
1634,127,0.9694656488549618
1635,127,0.9694656488549618
1636,127,0.9694656488549618
1637,127,0.9694656488549618
1638,127,0.9694656488549618
1639,127,0.9694656488549618
1640,127,0.9694656488549618
1641,127,0.9694656488549618
1642,127,0.9694656488549618
1643,127,0.9694656488549618
1644,127,0.9694656488549618
1645,127,0.9694656488549618
1646,127,0.9694656488549618
1647,127,0.9694656488549618
1648,127,0.9694656488549618
1649,127,0.9694656488549618
1650,127,0.9694656488549618
1651,127,0.9694656488549618
1652,127,0.9694656488549618
1653,127,0.9694656488549618
1654,127,0.9694656488549618
1655,127,0.9694656488549618
1656,127,0.9694656488549618
1657,127,0.9694656488549618
1658,127,0.9694656488549618
1659,127,0.9694656488549618
1660,127,0.9694656488549618
1661,127,0.9694656488549618
1662,127,0.9694656488549618
1663,127,0.9694656488549618
1664,127,0.9694656488549618
1665,127,0.9694656488549618
1666,127,0.9694656488549618
1667,127,0.9694656488549618
1668,127,0.9694656488549618
1669,127,0.9694656488549618
1670,127,0.9694656488549618
1671,127,0.9694656488549618
1672,127,0.9694656488549618
1673,127,0.9694656488549618
1674,127,0.9694656488549618
1675,127,0.9694656488549618
1676,127,0.9694656488549618
1677,127,0.9694656488549618
1678,127,0.9694656488549618
1679,127,0.9694656488549618
1680,127,0.9694656488549618
1681,127,0.9694656488549618
1682,127,0.9694656488549618
1683,127,0.9694656488549618
1684,127,0.9694656488549618
1685,127,0.9694656488549618
1686,127,0.9694656488549618
1687,127,0.9694656488549618
1688,127,0.9694656488549618
1689,127,0.9694656488549618
1690,127,0.9694656488549618
1691,127,0.9694656488549618
1692,127,0.9694656488549618
1693,127,0.9694656488549618
1694,127,0.9694656488549618
1695,127,0.9694656488549618
1696,127,0.9694656488549618
1697,127,0.9694656488549618
1698,127,0.9694656488549618
1699,127,0.9694656488549618
1700,127,0.9694656488549618
1701,127,0.9694656488549618
1702,127,0.9694656488549618
1703,127,0.9694656488549618
1704,127,0.9694656488549618
1705,127,0.9694656488549618
1706,127,0.9694656488549618
1707,127,0.9694656488549618
1708,127,0.9694656488549618
1709,127,0.9694656488549618
1710,127,0.9694656488549618
1711,127,0.9694656488549618
1712,127,0.9694656488549618
1713,127,0.9694656488549618
1714,127,0.9694656488549618
1715,127,0.9694656488549618
1716,127,0.9694656488549618
1717,127,0.9694656488549618
1718,127,0.9694656488549618
1719,127,0.9694656488549618
1720,127,0.9694656488549618
1721,127,0.9694656488549618
1722,127,0.9694656488549618
1723,127,0.9694656488549618
1724,127,0.9694656488549618
1725,127,0.9694656488549618
1726,127,0.9694656488549618
1727,127,0.9694656488549618
1728,127,0.9694656488549618
1729,127,0.9694656488549618
1730,127,0.9694656488549618
1731,127,0.9694656488549618
1732,127,0.9694656488549618
1733,127,0.9694656488549618
1734,127,0.9694656488549618
1735,127,0.9694656488549618
1736,127,0.9694656488549618
1737,127,0.9694656488549618
1738,127,0.9694656488549618
1739,127,0.9694656488549618
1740,127,0.9694656488549618
1741,127,0.9694656488549618
1742,127,0.9694656488549618
1743,127,0.9694656488549618
1744,127,0.9694656488549618
1745,127,0.9694656488549618
1746,127,0.9694656488549618
1747,127,0.9694656488549618
1748,127,0.9694656488549618
1749,127,0.9694656488549618
1750,127,0.9694656488549618
1751,127,0.9694656488549618
1752,127,0.9694656488549618
1753,127,0.9694656488549618
1754,127,0.9694656488549618
1755,127,0.9694656488549618
1756,127,0.9694656488549618
1757,127,0.9694656488549618
1758,127,0.9694656488549618
1759,127,0.9694656488549618
1760,127,0.9694656488549618
1761,127,0.9694656488549618
1762,127,0.9694656488549618
1763,127,0.9694656488549618
1764,127,0.9694656488549618
1765,127,0.9694656488549618
1766,127,0.9694656488549618
1767,127,0.9694656488549618
1768,127,0.9694656488549618
1769,127,0.9694656488549618
1770,127,0.9694656488549618
1771,127,0.9694656488549618
1772,127,0.9694656488549618
1773,127,0.9694656488549618
1774,127,0.9694656488549618
1775,127,0.9694656488549618
1776,127,0.9694656488549618
1777,127,0.9694656488549618
1778,127,0.9694656488549618
1779,127,0.9694656488549618
1780,127,0.9694656488549618
1781,127,0.9694656488549618
1782,127,0.9694656488549618
1783,127,0.9694656488549618
1784,127,0.9694656488549618
1785,127,0.9694656488549618
1786,127,0.9694656488549618
1787,127,0.9694656488549618
1788,127,0.9694656488549618
1789,127,0.9694656488549618
1790,127,0.9694656488549618
1791,127,0.9694656488549618
1792,127,0.9694656488549618
1793,127,0.9694656488549618
1794,127,0.9694656488549618
1795,127,0.9694656488549618
1796,127,0.9694656488549618
1797,127,0.9694656488549618
1798,127,0.9694656488549618
1799,127,0.9694656488549618
1800,127,0.9694656488549618
1801,127,0.9694656488549618
1802,127,0.9694656488549618
1803,127,0.9694656488549618
1804,127,0.9694656488549618
1805,127,0.9694656488549618
1806,127,0.9694656488549618
1807,127,0.9694656488549618
1808,127,0.9694656488549618
1809,127,0.9694656488549618
1810,127,0.9694656488549618
1811,127,0.9694656488549618
1812,127,0.9694656488549618
1813,127,0.9694656488549618
1814,127,0.9694656488549618
1815,127,0.9694656488549618
1816,127,0.9694656488549618
1817,127,0.9694656488549618
1818,127,0.9694656488549618
1819,127,0.9694656488549618
1820,127,0.9694656488549618
1821,127,0.9694656488549618
1822,127,0.9694656488549618
1823,127,0.9694656488549618
1824,127,0.9694656488549618
1825,127,0.9694656488549618
1826,127,0.9694656488549618
1827,127,0.9694656488549618
1828,127,0.9694656488549618
1829,127,0.9694656488549618
1830,127,0.9694656488549618
1831,127,0.9694656488549618
1832,127,0.9694656488549618
1833,127,0.9694656488549618
1834,127,0.9694656488549618
1835,127,0.9694656488549618
1836,127,0.9694656488549618
1837,127,0.9694656488549618
1838,127,0.9694656488549618
1839,127,0.9694656488549618
1840,127,0.9694656488549618
1841,127,0.9694656488549618
1842,127,0.9694656488549618
1843,127,0.9694656488549618
1844,127,0.9694656488549618
1845,127,0.9694656488549618
1846,127,0.9694656488549618
1847,127,0.9694656488549618
1848,127,0.9694656488549618
1849,127,0.9694656488549618
1850,127,0.9694656488549618
1851,127,0.9694656488549618
1852,127,0.9694656488549618
1853,127,0.9694656488549618
1854,127,0.9694656488549618
1855,127,0.9694656488549618
1856,127,0.9694656488549618
1857,127,0.9694656488549618
1858,127,0.9694656488549618
1859,127,0.9694656488549618
1860,127,0.9694656488549618
1861,127,0.9694656488549618
1862,127,0.9694656488549618
1863,127,0.9694656488549618
1864,127,0.9694656488549618
1865,127,0.9694656488549618
1866,127,0.9694656488549618
1867,127,0.9694656488549618
1868,127,0.9694656488549618
1869,127,0.9694656488549618
1870,127,0.9694656488549618
1871,127,0.9694656488549618
1872,127,0.9694656488549618
1873,127,0.9694656488549618
1874,127,0.9694656488549618
1875,127,0.9694656488549618
1876,127,0.9694656488549618
1877,127,0.9694656488549618
1878,127,0.9694656488549618
1879,127,0.9694656488549618
1880,127,0.9694656488549618
1881,127,0.9694656488549618
1882,127,0.9694656488549618
1883,127,0.9694656488549618
1884,127,0.9694656488549618
1885,127,0.9694656488549618
1886,127,0.9694656488549618
1887,127,0.9694656488549618
1888,127,0.9694656488549618
1889,127,0.9694656488549618
1890,127,0.9694656488549618
1891,127,0.9694656488549618
1892,127,0.9694656488549618
1893,127,0.9694656488549618
1894,127,0.9694656488549618
1895,127,0.9694656488549618
1896,127,0.9694656488549618
1897,127,0.9694656488549618
1898,127,0.9694656488549618
1899,127,0.9694656488549618
1900,127,0.9694656488549618
1901,127,0.9694656488549618
1902,127,0.9694656488549618
1903,127,0.9694656488549618
1904,127,0.9694656488549618
1905,127,0.9694656488549618
1906,127,0.9694656488549618
1907,127,0.9694656488549618
1908,127,0.9694656488549618
1909,127,0.9694656488549618
1910,127,0.9694656488549618
1911,127,0.9694656488549618
1912,127,0.9694656488549618
1913,127,0.9694656488549618
1914,127,0.9694656488549618
1915,127,0.9694656488549618
1916,127,0.9694656488549618
1917,127,0.9694656488549618
1918,127,0.9694656488549618
1919,127,0.9694656488549618
1920,127,0.9694656488549618
1921,127,0.9694656488549618
1922,127,0.9694656488549618
1923,127,0.9694656488549618
1924,127,0.9694656488549618
1925,127,0.9694656488549618
1926,127,0.9694656488549618
1927,127,0.9694656488549618
1928,127,0.9694656488549618
1929,127,0.9694656488549618
1930,127,0.9694656488549618
1931,127,0.9694656488549618
1932,127,0.9694656488549618
1933,127,0.9694656488549618
1934,127,0.9694656488549618
1935,127,0.9694656488549618
1936,127,0.9694656488549618
1937,127,0.9694656488549618
1938,127,0.9694656488549618
1939,127,0.9694656488549618
1940,127,0.9694656488549618
1941,127,0.9694656488549618
1942,127,0.9694656488549618
1943,127,0.9694656488549618
1944,127,0.9694656488549618
1945,127,0.9694656488549618
1946,127,0.9694656488549618
1947,127,0.9694656488549618
1948,127,0.9694656488549618
1949,127,0.9694656488549618
1950,127,0.9694656488549618
1951,127,0.9694656488549618
1952,127,0.9694656488549618
1953,127,0.9694656488549618
1954,127,0.9694656488549618
1955,127,0.9694656488549618
1956,127,0.9694656488549618
1957,127,0.9694656488549618
1958,127,0.9694656488549618
1959,127,0.9694656488549618
1960,127,0.9694656488549618
1961,127,0.9694656488549618
1962,127,0.9694656488549618
1963,128,0.9770992366412213
1964,128,0.9770992366412213
1965,128,0.9770992366412213
1966,128,0.9770992366412213
1967,128,0.9770992366412213
1968,128,0.9770992366412213
1969,128,0.9770992366412213
1970,128,0.9770992366412213
1971,128,0.9770992366412213
1972,128,0.9770992366412213
1973,128,0.9770992366412213
1974,128,0.9770992366412213
1975,128,0.9770992366412213
1976,128,0.9770992366412213
1977,128,0.9770992366412213
1978,128,0.9770992366412213
1979,128,0.9770992366412213
1980,128,0.9770992366412213
1981,128,0.9770992366412213
1982,128,0.9770992366412213
1983,128,0.9770992366412213
1984,128,0.9770992366412213
1985,128,0.9770992366412213
1986,128,0.9770992366412213
1987,128,0.9770992366412213
1988,128,0.9770992366412213
1989,128,0.9770992366412213
1990,128,0.9770992366412213
1991,128,0.9770992366412213
1992,128,0.9770992366412213
1993,128,0.9770992366412213
1994,128,0.9770992366412213
1995,128,0.9770992366412213
1996,128,0.9770992366412213
1997,128,0.9770992366412213
1998,128,0.9770992366412213
1999,128,0.9770992366412213
2000,128,0.9770992366412213
2001,128,0.9770992366412213
2002,128,0.9770992366412213
2003,128,0.9770992366412213
2004,128,0.9770992366412213
2005,128,0.9770992366412213
2006,128,0.9770992366412213
2007,128,0.9770992366412213
2008,128,0.9770992366412213
2009,128,0.9770992366412213
2010,128,0.9770992366412213
2011,128,0.9770992366412213
2012,128,0.9770992366412213
2013,128,0.9770992366412213
2014,128,0.9770992366412213
2015,128,0.9770992366412213
2016,128,0.9770992366412213
2017,128,0.9770992366412213
2018,128,0.9770992366412213
2019,128,0.9770992366412213
2020,128,0.9770992366412213
2021,128,0.9770992366412213
2022,128,0.9770992366412213
2023,128,0.9770992366412213
2024,128,0.9770992366412213
2025,128,0.9770992366412213
2026,128,0.9770992366412213
2027,128,0.9770992366412213
2028,128,0.9770992366412213
2029,128,0.9770992366412213
2030,128,0.9770992366412213
2031,128,0.9770992366412213
2032,128,0.9770992366412213
2033,128,0.9770992366412213
2034,128,0.9770992366412213
2035,128,0.9770992366412213
2036,128,0.9770992366412213
2037,128,0.9770992366412213
2038,128,0.9770992366412213
2039,128,0.9770992366412213
2040,128,0.9770992366412213
2041,128,0.9770992366412213
2042,128,0.9770992366412213
2043,128,0.9770992366412213
2044,128,0.9770992366412213
2045,128,0.9770992366412213
2046,128,0.9770992366412213
2047,128,0.9770992366412213
2048,128,0.9770992366412213
2049,128,0.9770992366412213
2050,128,0.9770992366412213
2051,128,0.9770992366412213
2052,128,0.9770992366412213
2053,128,0.9770992366412213
2054,128,0.9770992366412213
2055,128,0.9770992366412213
2056,128,0.9770992366412213
2057,128,0.9770992366412213
2058,128,0.9770992366412213
2059,128,0.9770992366412213
2060,128,0.9770992366412213
2061,128,0.9770992366412213
2062,128,0.9770992366412213
2063,128,0.9770992366412213
2064,128,0.9770992366412213
2065,128,0.9770992366412213
2066,128,0.9770992366412213
2067,128,0.9770992366412213
2068,128,0.9770992366412213
2069,128,0.9770992366412213
2070,128,0.9770992366412213
2071,128,0.9770992366412213
2072,128,0.9770992366412213
2073,128,0.9770992366412213
2074,128,0.9770992366412213
2075,128,0.9770992366412213
2076,128,0.9770992366412213
2077,128,0.9770992366412213
2078,128,0.9770992366412213
2079,128,0.9770992366412213
2080,128,0.9770992366412213
2081,128,0.9770992366412213
2082,128,0.9770992366412213
2083,128,0.9770992366412213
2084,128,0.9770992366412213
2085,128,0.9770992366412213
2086,128,0.9770992366412213
2087,128,0.9770992366412213
2088,128,0.9770992366412213
2089,128,0.9770992366412213
2090,128,0.9770992366412213
2091,128,0.9770992366412213
2092,128,0.9770992366412213
2093,128,0.9770992366412213
2094,128,0.9770992366412213
2095,128,0.9770992366412213
2096,128,0.9770992366412213
2097,128,0.9770992366412213
2098,128,0.9770992366412213
2099,128,0.9770992366412213
2100,128,0.9770992366412213
2101,128,0.9770992366412213
2102,128,0.9770992366412213
2103,128,0.9770992366412213
2104,128,0.9770992366412213
2105,128,0.9770992366412213
2106,128,0.9770992366412213
2107,128,0.9770992366412213
2108,128,0.9770992366412213
2109,128,0.9770992366412213
2110,128,0.9770992366412213
2111,128,0.9770992366412213
2112,128,0.9770992366412213
2113,128,0.9770992366412213
2114,128,0.9770992366412213
2115,128,0.9770992366412213
2116,128,0.9770992366412213
2117,128,0.9770992366412213
2118,128,0.9770992366412213
2119,128,0.9770992366412213
2120,128,0.9770992366412213
2121,128,0.9770992366412213
2122,128,0.9770992366412213
2123,128,0.9770992366412213
2124,128,0.9770992366412213
2125,128,0.9770992366412213
2126,128,0.9770992366412213
2127,128,0.9770992366412213
2128,128,0.9770992366412213
2129,128,0.9770992366412213
2130,128,0.9770992366412213
2131,128,0.9770992366412213
2132,128,0.9770992366412213
2133,128,0.9770992366412213
2134,128,0.9770992366412213
2135,128,0.9770992366412213
2136,128,0.9770992366412213
2137,128,0.9770992366412213
2138,128,0.9770992366412213
2139,128,0.9770992366412213
2140,128,0.9770992366412213
2141,128,0.9770992366412213
2142,128,0.9770992366412213
2143,128,0.9770992366412213
2144,128,0.9770992366412213
2145,128,0.9770992366412213
2146,128,0.9770992366412213
2147,128,0.9770992366412213
2148,128,0.9770992366412213
2149,128,0.9770992366412213
2150,128,0.9770992366412213
2151,128,0.9770992366412213
2152,128,0.9770992366412213
2153,128,0.9770992366412213
2154,128,0.9770992366412213
2155,128,0.9770992366412213
2156,128,0.9770992366412213
2157,128,0.9770992366412213
2158,129,0.9847328244274809
2159,129,0.9847328244274809
2160,129,0.9847328244274809
2161,129,0.9847328244274809
2162,129,0.9847328244274809
2163,129,0.9847328244274809
2164,129,0.9847328244274809
2165,129,0.9847328244274809
2166,129,0.9847328244274809
2167,129,0.9847328244274809
2168,129,0.9847328244274809
2169,129,0.9847328244274809
2170,129,0.9847328244274809
2171,129,0.9847328244274809
2172,129,0.9847328244274809
2173,129,0.9847328244274809
2174,129,0.9847328244274809
2175,129,0.9847328244274809
2176,129,0.9847328244274809
2177,129,0.9847328244274809
2178,129,0.9847328244274809
2179,129,0.9847328244274809
2180,129,0.9847328244274809
2181,129,0.9847328244274809
2182,129,0.9847328244274809
2183,129,0.9847328244274809
2184,129,0.9847328244274809
2185,129,0.9847328244274809
2186,129,0.9847328244274809
2187,129,0.9847328244274809
2188,129,0.9847328244274809
2189,129,0.9847328244274809
2190,129,0.9847328244274809
2191,129,0.9847328244274809
2192,129,0.9847328244274809
2193,129,0.9847328244274809
2194,129,0.9847328244274809
2195,129,0.9847328244274809
2196,129,0.9847328244274809
2197,129,0.9847328244274809
2198,129,0.9847328244274809
2199,129,0.9847328244274809
2200,129,0.9847328244274809
2201,129,0.9847328244274809
2202,129,0.9847328244274809
2203,129,0.9847328244274809
2204,129,0.9847328244274809
2205,129,0.9847328244274809
2206,129,0.9847328244274809
2207,129,0.9847328244274809
2208,129,0.9847328244274809
2209,129,0.9847328244274809
2210,129,0.9847328244274809
2211,129,0.9847328244274809
2212,129,0.9847328244274809
2213,129,0.9847328244274809
2214,129,0.9847328244274809
2215,129,0.9847328244274809
2216,129,0.9847328244274809
2217,129,0.9847328244274809
2218,129,0.9847328244274809
2219,129,0.9847328244274809
2220,129,0.9847328244274809
2221,129,0.9847328244274809
2222,129,0.9847328244274809
2223,129,0.9847328244274809
2224,129,0.9847328244274809
2225,129,0.9847328244274809
2226,129,0.9847328244274809
2227,129,0.9847328244274809
2228,129,0.9847328244274809
2229,129,0.9847328244274809
2230,129,0.9847328244274809
2231,129,0.9847328244274809
2232,129,0.9847328244274809
2233,129,0.9847328244274809
2234,129,0.9847328244274809
2235,129,0.9847328244274809
2236,129,0.9847328244274809
2237,129,0.9847328244274809
2238,129,0.9847328244274809
2239,129,0.9847328244274809
2240,129,0.9847328244274809
2241,129,0.9847328244274809
2242,129,0.9847328244274809
2243,129,0.9847328244274809
2244,129,0.9847328244274809
2245,129,0.9847328244274809
2246,129,0.9847328244274809
2247,129,0.9847328244274809
2248,129,0.9847328244274809
2249,129,0.9847328244274809
2250,129,0.9847328244274809
2251,129,0.9847328244274809
2252,129,0.9847328244274809
2253,129,0.9847328244274809
2254,129,0.9847328244274809
2255,129,0.9847328244274809
2256,129,0.9847328244274809
2257,129,0.9847328244274809
2258,129,0.9847328244274809
2259,129,0.9847328244274809
2260,129,0.9847328244274809
2261,129,0.9847328244274809
2262,129,0.9847328244274809
2263,129,0.9847328244274809
2264,129,0.9847328244274809
2265,129,0.9847328244274809
2266,129,0.9847328244274809
2267,129,0.9847328244274809
2268,129,0.9847328244274809
2269,129,0.9847328244274809
2270,129,0.9847328244274809
2271,129,0.9847328244274809
2272,129,0.9847328244274809
2273,129,0.9847328244274809
2274,129,0.9847328244274809
2275,129,0.9847328244274809
2276,129,0.9847328244274809
2277,129,0.9847328244274809
2278,129,0.9847328244274809
2279,129,0.9847328244274809
2280,129,0.9847328244274809
2281,129,0.9847328244274809
2282,129,0.9847328244274809
2283,129,0.9847328244274809
2284,129,0.9847328244274809
2285,129,0.9847328244274809
2286,129,0.9847328244274809
2287,130,0.9923664122137404
2288,130,0.9923664122137404
2289,130,0.9923664122137404
2290,130,0.9923664122137404
2291,130,0.9923664122137404
2292,130,0.9923664122137404
2293,130,0.9923664122137404
2294,130,0.9923664122137404
2295,130,0.9923664122137404
2296,130,0.9923664122137404
2297,130,0.9923664122137404
2298,130,0.9923664122137404
2299,130,0.9923664122137404
2300,130,0.9923664122137404
2301,130,0.9923664122137404
2302,130,0.9923664122137404
2303,130,0.9923664122137404
2304,130,0.9923664122137404
2305,130,0.9923664122137404
2306,130,0.9923664122137404
2307,130,0.9923664122137404
2308,130,0.9923664122137404
2309,130,0.9923664122137404
2310,130,0.9923664122137404
2311,130,0.9923664122137404
2312,130,0.9923664122137404
2313,130,0.9923664122137404
2314,130,0.9923664122137404
2315,130,0.9923664122137404
2316,130,0.9923664122137404
2317,130,0.9923664122137404
2318,130,0.9923664122137404
2319,130,0.9923664122137404
2320,130,0.9923664122137404
2321,130,0.9923664122137404
2322,130,0.9923664122137404
2323,130,0.9923664122137404
2324,130,0.9923664122137404
2325,130,0.9923664122137404
2326,130,0.9923664122137404
2327,130,0.9923664122137404
2328,130,0.9923664122137404
2329,130,0.9923664122137404
2330,130,0.9923664122137404
2331,130,0.9923664122137404
2332,130,0.9923664122137404
2333,130,0.9923664122137404
2334,130,0.9923664122137404
2335,130,0.9923664122137404
2336,130,0.9923664122137404
2337,130,0.9923664122137404
2338,130,0.9923664122137404
2339,130,0.9923664122137404
2340,130,0.9923664122137404
2341,130,0.9923664122137404
2342,130,0.9923664122137404
2343,130,0.9923664122137404
2344,130,0.9923664122137404
2345,130,0.9923664122137404
2346,130,0.9923664122137404
2347,130,0.9923664122137404
2348,130,0.9923664122137404
2349,130,0.9923664122137404
2350,130,0.9923664122137404
2351,130,0.9923664122137404
2352,130,0.9923664122137404
2353,130,0.9923664122137404
2354,130,0.9923664122137404
2355,130,0.9923664122137404
2356,130,0.9923664122137404
2357,130,0.9923664122137404
2358,130,0.9923664122137404
2359,130,0.9923664122137404
2360,130,0.9923664122137404
2361,130,0.9923664122137404
2362,130,0.9923664122137404
2363,130,0.9923664122137404
2364,130,0.9923664122137404
2365,130,0.9923664122137404
2366,130,0.9923664122137404
2367,130,0.9923664122137404
2368,130,0.9923664122137404
2369,130,0.9923664122137404
2370,130,0.9923664122137404
2371,130,0.9923664122137404
2372,130,0.9923664122137404
2373,130,0.9923664122137404
2374,130,0.9923664122137404
2375,130,0.9923664122137404
2376,130,0.9923664122137404
2377,130,0.9923664122137404
2378,130,0.9923664122137404
2379,130,0.9923664122137404
2380,130,0.9923664122137404
2381,130,0.9923664122137404
2382,130,0.9923664122137404
2383,130,0.9923664122137404
2384,130,0.9923664122137404
2385,130,0.9923664122137404
2386,130,0.9923664122137404
2387,130,0.9923664122137404
2388,130,0.9923664122137404
2389,130,0.9923664122137404
2390,130,0.9923664122137404
2391,130,0.9923664122137404
2392,130,0.9923664122137404
2393,130,0.9923664122137404
2394,130,0.9923664122137404
2395,130,0.9923664122137404
2396,130,0.9923664122137404
2397,130,0.9923664122137404
2398,130,0.9923664122137404
2399,130,0.9923664122137404
2400,130,0.9923664122137404
2401,130,0.9923664122137404
2402,130,0.9923664122137404
2403,130,0.9923664122137404
2404,130,0.9923664122137404
2405,130,0.9923664122137404
2406,130,0.9923664122137404
2407,130,0.9923664122137404
2408,130,0.9923664122137404
2409,130,0.9923664122137404
2410,130,0.9923664122137404
2411,130,0.9923664122137404
2412,130,0.9923664122137404
2413,130,0.9923664122137404
2414,130,0.9923664122137404
2415,130,0.9923664122137404
2416,130,0.9923664122137404
2417,130,0.9923664122137404
2418,130,0.9923664122137404
2419,130,0.9923664122137404
2420,130,0.9923664122137404
2421,130,0.9923664122137404
2422,130,0.9923664122137404
2423,130,0.9923664122137404
2424,130,0.9923664122137404
2425,130,0.9923664122137404
2426,130,0.9923664122137404
2427,130,0.9923664122137404
2428,130,0.9923664122137404
2429,130,0.9923664122137404
2430,130,0.9923664122137404
2431,130,0.9923664122137404
2432,130,0.9923664122137404
2433,130,0.9923664122137404
2434,130,0.9923664122137404
2435,130,0.9923664122137404
2436,130,0.9923664122137404
2437,130,0.9923664122137404
2438,130,0.9923664122137404
2439,130,0.9923664122137404
2440,130,0.9923664122137404
2441,130,0.9923664122137404
2442,130,0.9923664122137404
2443,130,0.9923664122137404
2444,130,0.9923664122137404
2445,130,0.9923664122137404
2446,130,0.9923664122137404
2447,130,0.9923664122137404
2448,130,0.9923664122137404
2449,130,0.9923664122137404
2450,130,0.9923664122137404
2451,130,0.9923664122137404
2452,130,0.9923664122137404
2453,130,0.9923664122137404
2454,130,0.9923664122137404
2455,130,0.9923664122137404
2456,130,0.9923664122137404
2457,130,0.9923664122137404
2458,130,0.9923664122137404
2459,130,0.9923664122137404
2460,130,0.9923664122137404
2461,130,0.9923664122137404
2462,130,0.9923664122137404
2463,130,0.9923664122137404
2464,130,0.9923664122137404
2465,130,0.9923664122137404
2466,130,0.9923664122137404
2467,130,0.9923664122137404
2468,130,0.9923664122137404
2469,130,0.9923664122137404
2470,130,0.9923664122137404
2471,130,0.9923664122137404
2472,130,0.9923664122137404
2473,130,0.9923664122137404
2474,130,0.9923664122137404
2475,130,0.9923664122137404
2476,130,0.9923664122137404
2477,130,0.9923664122137404
2478,130,0.9923664122137404
2479,130,0.9923664122137404
2480,130,0.9923664122137404
2481,130,0.9923664122137404
2482,130,0.9923664122137404
2483,130,0.9923664122137404
2484,130,0.9923664122137404
2485,130,0.9923664122137404
2486,130,0.9923664122137404
2487,130,0.9923664122137404
2488,130,0.9923664122137404
2489,130,0.9923664122137404
2490,130,0.9923664122137404
2491,130,0.9923664122137404
2492,130,0.9923664122137404
2493,130,0.9923664122137404
2494,130,0.9923664122137404
2495,130,0.9923664122137404
2496,130,0.9923664122137404
2497,130,0.9923664122137404
2498,130,0.9923664122137404
2499,130,0.9923664122137404
2500,130,0.9923664122137404
2501,130,0.9923664122137404
2502,130,0.9923664122137404
2503,130,0.9923664122137404
2504,130,0.9923664122137404
2505,130,0.9923664122137404
2506,130,0.9923664122137404
2507,130,0.9923664122137404
2508,130,0.9923664122137404
2509,130,0.9923664122137404
2510,130,0.9923664122137404
2511,130,0.9923664122137404
2512,130,0.9923664122137404
2513,130,0.9923664122137404
2514,130,0.9923664122137404
2515,130,0.9923664122137404
2516,130,0.9923664122137404
2517,130,0.9923664122137404
2518,130,0.9923664122137404
2519,130,0.9923664122137404
2520,130,0.9923664122137404
2521,130,0.9923664122137404
2522,130,0.9923664122137404
2523,130,0.9923664122137404
2524,130,0.9923664122137404
2525,130,0.9923664122137404
2526,130,0.9923664122137404
2527,130,0.9923664122137404
2528,130,0.9923664122137404
2529,130,0.9923664122137404
2530,130,0.9923664122137404
2531,130,0.9923664122137404
2532,130,0.9923664122137404
2533,130,0.9923664122137404
2534,130,0.9923664122137404
2535,130,0.9923664122137404
2536,130,0.9923664122137404
2537,130,0.9923664122137404
2538,130,0.9923664122137404
2539,130,0.9923664122137404
2540,130,0.9923664122137404
2541,130,0.9923664122137404
2542,130,0.9923664122137404
2543,130,0.9923664122137404
2544,130,0.9923664122137404
2545,130,0.9923664122137404
2546,130,0.9923664122137404
2547,130,0.9923664122137404
2548,130,0.9923664122137404
2549,130,0.9923664122137404
2550,130,0.9923664122137404
2551,130,0.9923664122137404
2552,130,0.9923664122137404
2553,130,0.9923664122137404
2554,130,0.9923664122137404
2555,130,0.9923664122137404
2556,130,0.9923664122137404
2557,130,0.9923664122137404
2558,130,0.9923664122137404
2559,130,0.9923664122137404
2560,130,0.9923664122137404
2561,130,0.9923664122137404
2562,130,0.9923664122137404
2563,130,0.9923664122137404
2564,130,0.9923664122137404
2565,130,0.9923664122137404
2566,130,0.9923664122137404
2567,130,0.9923664122137404
2568,130,0.9923664122137404
2569,130,0.9923664122137404
2570,130,0.9923664122137404
2571,130,0.9923664122137404
2572,130,0.9923664122137404
2573,130,0.9923664122137404
2574,130,0.9923664122137404
2575,130,0.9923664122137404
2576,130,0.9923664122137404
2577,130,0.9923664122137404
2578,130,0.9923664122137404
2579,130,0.9923664122137404
2580,130,0.9923664122137404
2581,130,0.9923664122137404
2582,130,0.9923664122137404
2583,130,0.9923664122137404
2584,130,0.9923664122137404
2585,130,0.9923664122137404
2586,130,0.9923664122137404
2587,130,0.9923664122137404
2588,130,0.9923664122137404
2589,130,0.9923664122137404
2590,130,0.9923664122137404
2591,130,0.9923664122137404
2592,130,0.9923664122137404
2593,130,0.9923664122137404
2594,130,0.9923664122137404
2595,130,0.9923664122137404
2596,130,0.9923664122137404
2597,130,0.9923664122137404
2598,130,0.9923664122137404
2599,130,0.9923664122137404
2600,130,0.9923664122137404
2601,130,0.9923664122137404
2602,130,0.9923664122137404
2603,130,0.9923664122137404
2604,130,0.9923664122137404
2605,130,0.9923664122137404
2606,130,0.9923664122137404
2607,130,0.9923664122137404
2608,130,0.9923664122137404
2609,130,0.9923664122137404
2610,130,0.9923664122137404
2611,130,0.9923664122137404
2612,130,0.9923664122137404
2613,130,0.9923664122137404
2614,130,0.9923664122137404
2615,130,0.9923664122137404
2616,130,0.9923664122137404
2617,130,0.9923664122137404
2618,130,0.9923664122137404
2619,130,0.9923664122137404
2620,130,0.9923664122137404
2621,130,0.9923664122137404
2622,130,0.9923664122137404
2623,130,0.9923664122137404
2624,130,0.9923664122137404
2625,130,0.9923664122137404
2626,130,0.9923664122137404
2627,130,0.9923664122137404
2628,130,0.9923664122137404
2629,130,0.9923664122137404
2630,130,0.9923664122137404
2631,130,0.9923664122137404
2632,130,0.9923664122137404
2633,130,0.9923664122137404
2634,130,0.9923664122137404
2635,130,0.9923664122137404
2636,130,0.9923664122137404
2637,130,0.9923664122137404
2638,130,0.9923664122137404
2639,130,0.9923664122137404
2640,130,0.9923664122137404
2641,130,0.9923664122137404
2642,130,0.9923664122137404
2643,130,0.9923664122137404
2644,130,0.9923664122137404
2645,130,0.9923664122137404
2646,130,0.9923664122137404
2647,130,0.9923664122137404
2648,130,0.9923664122137404
2649,130,0.9923664122137404
2650,130,0.9923664122137404
2651,130,0.9923664122137404
2652,130,0.9923664122137404
2653,130,0.9923664122137404
2654,130,0.9923664122137404
2655,130,0.9923664122137404
2656,130,0.9923664122137404
2657,130,0.9923664122137404
2658,130,0.9923664122137404
2659,130,0.9923664122137404
2660,130,0.9923664122137404
2661,130,0.9923664122137404
2662,130,0.9923664122137404
2663,130,0.9923664122137404
2664,130,0.9923664122137404
2665,130,0.9923664122137404
2666,130,0.9923664122137404
2667,130,0.9923664122137404
2668,130,0.9923664122137404
2669,130,0.9923664122137404
2670,130,0.9923664122137404
2671,130,0.9923664122137404
2672,130,0.9923664122137404
2673,130,0.9923664122137404
2674,130,0.9923664122137404
2675,130,0.9923664122137404
2676,130,0.9923664122137404
2677,130,0.9923664122137404
2678,130,0.9923664122137404
2679,130,0.9923664122137404
2680,130,0.9923664122137404
2681,130,0.9923664122137404
2682,130,0.9923664122137404
2683,130,0.9923664122137404
2684,130,0.9923664122137404
2685,130,0.9923664122137404
2686,130,0.9923664122137404
2687,130,0.9923664122137404
2688,130,0.9923664122137404
2689,130,0.9923664122137404
2690,130,0.9923664122137404
2691,130,0.9923664122137404
2692,130,0.9923664122137404
2693,130,0.9923664122137404
2694,130,0.9923664122137404
2695,130,0.9923664122137404
2696,130,0.9923664122137404
2697,130,0.9923664122137404
2698,130,0.9923664122137404
2699,130,0.9923664122137404
2700,130,0.9923664122137404
2701,130,0.9923664122137404
2702,130,0.9923664122137404
2703,130,0.9923664122137404
2704,130,0.9923664122137404
2705,130,0.9923664122137404
2706,130,0.9923664122137404
2707,130,0.9923664122137404
2708,130,0.9923664122137404
2709,130,0.9923664122137404
2710,130,0.9923664122137404
2711,130,0.9923664122137404
2712,130,0.9923664122137404
2713,130,0.9923664122137404
2714,130,0.9923664122137404
2715,130,0.9923664122137404
2716,130,0.9923664122137404
2717,130,0.9923664122137404
2718,130,0.9923664122137404
2719,130,0.9923664122137404
2720,130,0.9923664122137404
2721,130,0.9923664122137404
2722,130,0.9923664122137404
2723,130,0.9923664122137404
2724,130,0.9923664122137404
2725,130,0.9923664122137404
2726,130,0.9923664122137404
2727,130,0.9923664122137404
2728,130,0.9923664122137404
2729,130,0.9923664122137404
2730,130,0.9923664122137404
2731,130,0.9923664122137404
2732,130,0.9923664122137404
2733,130,0.9923664122137404
2734,130,0.9923664122137404
2735,130,0.9923664122137404
2736,130,0.9923664122137404
2737,130,0.9923664122137404
2738,130,0.9923664122137404
2739,130,0.9923664122137404
2740,130,0.9923664122137404
2741,130,0.9923664122137404
2742,130,0.9923664122137404
2743,130,0.9923664122137404
2744,130,0.9923664122137404
2745,130,0.9923664122137404
2746,130,0.9923664122137404
2747,130,0.9923664122137404
2748,130,0.9923664122137404
2749,130,0.9923664122137404
2750,130,0.9923664122137404
2751,130,0.9923664122137404
2752,130,0.9923664122137404
2753,130,0.9923664122137404
2754,130,0.9923664122137404
2755,130,0.9923664122137404
2756,130,0.9923664122137404
2757,130,0.9923664122137404
2758,130,0.9923664122137404
2759,130,0.9923664122137404
2760,130,0.9923664122137404
2761,130,0.9923664122137404
2762,130,0.9923664122137404
2763,130,0.9923664122137404
2764,130,0.9923664122137404
2765,130,0.9923664122137404
2766,130,0.9923664122137404
2767,130,0.9923664122137404
2768,130,0.9923664122137404
2769,130,0.9923664122137404
2770,130,0.9923664122137404
2771,130,0.9923664122137404
2772,130,0.9923664122137404
2773,130,0.9923664122137404
2774,130,0.9923664122137404
2775,130,0.9923664122137404
2776,130,0.9923664122137404
2777,130,0.9923664122137404
2778,130,0.9923664122137404
2779,130,0.9923664122137404
2780,130,0.9923664122137404
2781,130,0.9923664122137404
2782,130,0.9923664122137404
2783,130,0.9923664122137404
2784,130,0.9923664122137404
2785,130,0.9923664122137404
2786,130,0.9923664122137404
2787,130,0.9923664122137404
2788,130,0.9923664122137404
2789,130,0.9923664122137404
2790,130,0.9923664122137404
2791,130,0.9923664122137404
2792,130,0.9923664122137404
2793,130,0.9923664122137404
2794,130,0.9923664122137404
2795,130,0.9923664122137404
2796,130,0.9923664122137404
2797,130,0.9923664122137404
2798,130,0.9923664122137404
2799,130,0.9923664122137404
2800,130,0.9923664122137404
2801,130,0.9923664122137404
2802,130,0.9923664122137404
2803,130,0.9923664122137404
2804,130,0.9923664122137404
2805,130,0.9923664122137404
2806,130,0.9923664122137404
2807,130,0.9923664122137404
2808,130,0.9923664122137404
2809,130,0.9923664122137404
2810,130,0.9923664122137404
2811,130,0.9923664122137404
2812,130,0.9923664122137404
2813,130,0.9923664122137404
2814,130,0.9923664122137404
2815,130,0.9923664122137404
2816,130,0.9923664122137404
2817,130,0.9923664122137404
2818,130,0.9923664122137404
2819,130,0.9923664122137404
2820,130,0.9923664122137404
2821,130,0.9923664122137404
2822,130,0.9923664122137404
2823,130,0.9923664122137404
2824,130,0.9923664122137404
2825,130,0.9923664122137404
2826,130,0.9923664122137404
2827,130,0.9923664122137404
2828,130,0.9923664122137404
2829,130,0.9923664122137404
2830,130,0.9923664122137404
2831,130,0.9923664122137404
2832,130,0.9923664122137404
2833,130,0.9923664122137404
2834,130,0.9923664122137404
2835,130,0.9923664122137404
2836,130,0.9923664122137404
2837,130,0.9923664122137404
2838,130,0.9923664122137404
2839,130,0.9923664122137404
2840,130,0.9923664122137404
2841,130,0.9923664122137404
2842,130,0.9923664122137404
2843,130,0.9923664122137404
2844,130,0.9923664122137404
2845,130,0.9923664122137404
2846,130,0.9923664122137404
2847,130,0.9923664122137404
2848,130,0.9923664122137404
2849,130,0.9923664122137404
2850,130,0.9923664122137404
2851,130,0.9923664122137404
2852,130,0.9923664122137404
2853,130,0.9923664122137404
2854,130,0.9923664122137404
2855,130,0.9923664122137404
2856,130,0.9923664122137404
2857,130,0.9923664122137404
2858,130,0.9923664122137404
2859,130,0.9923664122137404
2860,130,0.9923664122137404
2861,130,0.9923664122137404
2862,130,0.9923664122137404
2863,130,0.9923664122137404
2864,130,0.9923664122137404
2865,130,0.9923664122137404
2866,130,0.9923664122137404
2867,130,0.9923664122137404
2868,130,0.9923664122137404
2869,130,0.9923664122137404
2870,130,0.9923664122137404
2871,130,0.9923664122137404
2872,130,0.9923664122137404
2873,130,0.9923664122137404
2874,130,0.9923664122137404
2875,130,0.9923664122137404
2876,130,0.9923664122137404
2877,130,0.9923664122137404
2878,130,0.9923664122137404
2879,130,0.9923664122137404
2880,130,0.9923664122137404
2881,130,0.9923664122137404
2882,130,0.9923664122137404
2883,130,0.9923664122137404
2884,130,0.9923664122137404
2885,130,0.9923664122137404
2886,130,0.9923664122137404
2887,130,0.9923664122137404
2888,130,0.9923664122137404
2889,130,0.9923664122137404
2890,130,0.9923664122137404
2891,130,0.9923664122137404
2892,130,0.9923664122137404
2893,130,0.9923664122137404
2894,130,0.9923664122137404
2895,130,0.9923664122137404
2896,130,0.9923664122137404
2897,130,0.9923664122137404
2898,130,0.9923664122137404
2899,130,0.9923664122137404
2900,130,0.9923664122137404
2901,130,0.9923664122137404
2902,130,0.9923664122137404
2903,130,0.9923664122137404
2904,130,0.9923664122137404
2905,130,0.9923664122137404
2906,130,0.9923664122137404
2907,130,0.9923664122137404
2908,130,0.9923664122137404
2909,130,0.9923664122137404
2910,130,0.9923664122137404
2911,130,0.9923664122137404
2912,130,0.9923664122137404
2913,130,0.9923664122137404
2914,130,0.9923664122137404
2915,130,0.9923664122137404
2916,130,0.9923664122137404
2917,130,0.9923664122137404
2918,130,0.9923664122137404
2919,130,0.9923664122137404
2920,130,0.9923664122137404
2921,130,0.9923664122137404
2922,130,0.9923664122137404
2923,130,0.9923664122137404
2924,130,0.9923664122137404
2925,130,0.9923664122137404
2926,130,0.9923664122137404
2927,130,0.9923664122137404
2928,130,0.9923664122137404
2929,130,0.9923664122137404
2930,130,0.9923664122137404
2931,130,0.9923664122137404
2932,130,0.9923664122137404
2933,130,0.9923664122137404
2934,130,0.9923664122137404
2935,130,0.9923664122137404
2936,130,0.9923664122137404
2937,130,0.9923664122137404
2938,130,0.9923664122137404
2939,130,0.9923664122137404
2940,130,0.9923664122137404
2941,130,0.9923664122137404
2942,130,0.9923664122137404
2943,130,0.9923664122137404
2944,130,0.9923664122137404
2945,130,0.9923664122137404
2946,130,0.9923664122137404
2947,130,0.9923664122137404
2948,130,0.9923664122137404
2949,130,0.9923664122137404
2950,130,0.9923664122137404
2951,130,0.9923664122137404
2952,130,0.9923664122137404
2953,130,0.9923664122137404
2954,130,0.9923664122137404
2955,130,0.9923664122137404
2956,130,0.9923664122137404
2957,130,0.9923664122137404
2958,130,0.9923664122137404
2959,130,0.9923664122137404
2960,130,0.9923664122137404
2961,130,0.9923664122137404
2962,130,0.9923664122137404
2963,130,0.9923664122137404
2964,130,0.9923664122137404
2965,130,0.9923664122137404
2966,130,0.9923664122137404
2967,130,0.9923664122137404
2968,130,0.9923664122137404
2969,130,0.9923664122137404
2970,130,0.9923664122137404
2971,130,0.9923664122137404
2972,130,0.9923664122137404
2973,130,0.9923664122137404
2974,130,0.9923664122137404
2975,130,0.9923664122137404
2976,130,0.9923664122137404
2977,130,0.9923664122137404
2978,130,0.9923664122137404
2979,130,0.9923664122137404
2980,130,0.9923664122137404
2981,130,0.9923664122137404
2982,130,0.9923664122137404
2983,130,0.9923664122137404
2984,130,0.9923664122137404
2985,130,0.9923664122137404
2986,130,0.9923664122137404
2987,130,0.9923664122137404
2988,130,0.9923664122137404
2989,130,0.9923664122137404
2990,130,0.9923664122137404
2991,130,0.9923664122137404
2992,130,0.9923664122137404
2993,130,0.9923664122137404
2994,130,0.9923664122137404
2995,130,0.9923664122137404
2996,130,0.9923664122137404
2997,130,0.9923664122137404
2998,130,0.9923664122137404
2999,130,0.9923664122137404
3000,130,0.9923664122137404
3001,130,0.9923664122137404
3002,130,0.9923664122137404
3003,130,0.9923664122137404
3004,130,0.9923664122137404
3005,130,0.9923664122137404
3006,130,0.9923664122137404
3007,130,0.9923664122137404
3008,130,0.9923664122137404
3009,130,0.9923664122137404
3010,130,0.9923664122137404
3011,130,0.9923664122137404
3012,130,0.9923664122137404
3013,130,0.9923664122137404
3014,130,0.9923664122137404
3015,130,0.9923664122137404
3016,130,0.9923664122137404
3017,130,0.9923664122137404
3018,130,0.9923664122137404
3019,130,0.9923664122137404
3020,130,0.9923664122137404
3021,130,0.9923664122137404
3022,130,0.9923664122137404
3023,130,0.9923664122137404
3024,130,0.9923664122137404
3025,130,0.9923664122137404
3026,130,0.9923664122137404
3027,130,0.9923664122137404
3028,130,0.9923664122137404
3029,130,0.9923664122137404
3030,130,0.9923664122137404
3031,130,0.9923664122137404
3032,130,0.9923664122137404
3033,130,0.9923664122137404
3034,130,0.9923664122137404
3035,130,0.9923664122137404
3036,130,0.9923664122137404
3037,130,0.9923664122137404
3038,130,0.9923664122137404
3039,130,0.9923664122137404
3040,130,0.9923664122137404
3041,130,0.9923664122137404
3042,130,0.9923664122137404
3043,130,0.9923664122137404
3044,130,0.9923664122137404
3045,130,0.9923664122137404
3046,130,0.9923664122137404
3047,130,0.9923664122137404
3048,130,0.9923664122137404
3049,130,0.9923664122137404
3050,130,0.9923664122137404
3051,130,0.9923664122137404
3052,130,0.9923664122137404
3053,130,0.9923664122137404
3054,130,0.9923664122137404
3055,130,0.9923664122137404
3056,130,0.9923664122137404
3057,130,0.9923664122137404
3058,130,0.9923664122137404
3059,130,0.9923664122137404
3060,130,0.9923664122137404
3061,130,0.9923664122137404
3062,130,0.9923664122137404
3063,130,0.9923664122137404
3064,130,0.9923664122137404
3065,130,0.9923664122137404
3066,131,1.0
