openalex_id,doi,title,year,language,type,abstract,in_jones,in_termsearch,in_snowball,n_sources,n_edges_fwd_ft,n_edges_fwd_tiab,n_cited_by_foras_any,n_cited_by_foras_tiab,n_cited_by_foras_ft,in_foras,title_has_ptsd,has_abstract,bucket,era
W1897891557,,Combat Stress Reaction: The Enduring Toll of War,1993,en,book,In the Shadow of War. Sisters in Sorrow. Psychological Breakdown on the Battlefield. Naked on Dizengoff. Does the War End When the Shooting Stops? PTSD: The Inner Landscape. From Front Line to Home Front. If At First You Don't Succeed: Military Functioning on the Battlefield. Body and Soul. The Imprint of Trauma. Yet Once More: The Effect of Repeated Wars. Reactivation: Trauma Deepens Trauma. Is Delayed PTSD for Real? Fathers and Sons: The Transgenerational Impact of the Holocaust. Why Don't They Seek Treatment? The Silver Platter. Index.,False,True,True,2,0,0,22,7,1,False,False,True,HIGH,1980+
W2057711239,https://doi.org/10.1097/00005053-198805000-00002,Psychological Sequelae of War A 2-Year Follow-up Study of Israeli Combat Stress Reaction Casualties,1988,en,article,"The relationships of two stress-related intrapsychic manifestations--intrusion and avoidance--to combat stress reaction and posttraumatic stress disorder were assessed 1 and 2 years after the 1982 Lebanon War. The sample consisted of 285 combat stress reaction Israeli casualties and 198 comparable control subjects. Results showed that higher rates of intrusion and avoidance were reported by both combat stress reaction and posttraumatic stress disorder casualties at the two points in time. In addition, the level of intrusion tendencies declined with time. Theoretical and methodological implications are discussed.",False,True,False,1,0,0,8,3,0,False,False,True,HIGH,1980+
W2164406136,https://doi.org/10.1176/appi.ajp.162.12.2309,Frontline Treatment of Combat Stress Reaction: A 20-Year Longitudinal Evaluation Study,2005,en,article,Frontline treatment is associated with improved outcomes even two decades after its application. This treatment may also be effective for nonmilitary precursors of posttraumatic stress disorder.,False,True,False,1,0,0,12,3,0,False,False,True,HIGH,1980+
W1794622667,https://doi.org/10.7326/0003-4819-27-6-1051_2,War Stress and Neurotic Illness.,1947,en,article,"This book is a restatement of Kardiner's earlier contribution to the study of traumatic neuroses originally entitled ""The Traumatic Neuroses of War."" The present edition contains an additional section concerning the acute phase of the war neuroses, written in collaboration with Herbert Spiegel. This section is an adequate, if incomplete, description of the emotional setting and of the psychologic and morale factors significant in the development of the war neuroses. There is no particularly new systematic approach in this part of the book; but, since it is based on the writer's own experiences in battle, it produces an authentic and vivid impact on the reader. The greater part of the book is devoted to the study of the chronic phase of the war neuroses. Kardiner makes much of the difference between the acute and the chronic phases. He adopts the rather unusual position that the acute phase of the illness",False,True,False,1,0,0,12,2,0,False,False,True,MEDIAN,1945-1979
W2151134135,https://doi.org/10.1017/s0033291700024995,Exposure to recurrent combat stress: combat stress reactions among Israeli soldiers in the Lebanon War,1987,en,article,"This study examined the impact of repeated exposure to combat on combat stress reaction (CSR). Soldiers diagnosed with CSR during the Lebanon War (N = 382) were compared with a matched control group of soldiers who fought in the same units but did not manifest symptoms of CSR (N = 334). CSR in the Lebanon War was found to be related to the psychological outcome the soldier experienced in previous wars. The CSR rate in the Lebanon War was higher in soldiers who had experienced an episode of CSR in a previous war than in soldiers with no past combat experience. However, CSR rates were lower among soldiers who had not had an episode of CSR in a previous war than among soldiers with no prior combat experience. High intensity of combat in Lebanon was found to increase both the detrimental and favourable effects of prior combat experience.",False,True,False,1,0,0,6,1,0,False,False,True,MEDIAN,1980+
W2327022950,https://doi.org/10.1097/00006842-194404000-00002,Brief Psychotherapy in War Neuroses,1944,en,article,"Army Air Forces Presented before the meeting of the Brief Psychotherapy Council, Institute for Psychoanalysis, Chicago, January 14, 1944.",True,True,False,2,0,0,1,0,0,False,False,True,LOW,pre-1945
W4250282992,https://doi.org/10.1001/jama.1944.02850420061026,War Neuroses in North Africa: The Tunisian Campaign (January-May 1943),1944,en,article,"This preliminary report of the neuropsychiatric casualties encountered during the Tunisian campaign was reproduced and distributed through aid from the Josiah Macy Jr. Foundation. It was written in the theater of operations. In the foreword this fact is given in explanation of the obvious need for careful editing which exists throughout the work. The material is made up primarily of actual battle casualties which occurred during the difficult campaigns of this period. The authors were stationed from 300 to 500 miles behind the front lines and from 150 to 200 miles behind the active air bases. Patients when evacuated by air arrived for treatment in from two to five days after the breakdown, and others arrived from seven to ten days after the clinical onset. The authors set up a classification scheme of ten clinical syndromes manifested by specific symptoms depending on the manner in which the individual handles the",True,True,False,2,0,0,0,0,0,False,False,True,LOW,pre-1945
W1971917793,https://doi.org/10.1176/ajp.108.6.401,TRAUMATIC WAR NEUROSES FIVE YEARS LATER,1951,en,article,"This paper presents a summary of our experiences with a large group of cases of traumatic war neurosis during the 5-year period since the end of the war. We have made certain observations that have been hitherto unreported and that we feel have both theoretical and practical therapeutic significance. 1. Traumatic war neuroses occur in non-combatant military personnel located in a combat area with a relatively high degree of frequency. This group is vulnerable because they are exposed to traumata without the possibility of effective motor discharge of the emotions thereby engendered. 2. Guilt about killing or assailing defenseless enemy personnel, either military or civilian, is an important factor in the precipitation of a traumatic war neurosis. In such instances the superimposed military code (superego) yields to the earlier and stronger civilian prohibition against violence toward others. 3. Traumatic war neurosis can and does occur in conjunction with physical injury. Separation from the unit because of physical injury removes the influence of group morale, which serves as a deterrent to neurotic breakdown. 4. Physical injury or medical or surgical disorder that leads to enforced immobilization seems to encourage the development of the traumatic war neurosis by depriving the individual of the possibility of discharge of tension through motor activity. 5. Speech disturbances such as stammering can occur in cases of traumatic war neurosis without any evidence of this disorder having existed previously. 6. An overidealization of the pretraumatic history occurs in cases of traumatic war neurosis. This is viewed as a defensive maneuver of the ego in its effort to find some stable point in a world that has become overwhelming and threatening to the patient. 7. The monotonous repetition of the traumatic war experiences and combat dreams in cases of traumatic war neurosis is caused by the transformation of the world into a threatening place. The patient reacts to civilian life as if he were still in combat. 8. Changes in the details of the repetitive traumatic experiences and the combat dreams are significant indicators of the points at which the traumatic experiences are linked with pretraumatic experiences. 9. In our experience, the use of intravenous narcosis or hypnosis has not been particularly helpful in cases of chronic traumatic war neurosis. This is due to the need for developing a firm relationship with the patient because of his feeling regarding the threatening nature of his environment and the people therein. 10. We have differentiated 2 character groups among our cases of traumatic war neurosis, according to their pretraumatic adjustment. We have characterized them as alloplastic and autoplastic, or outgoing and inhibited. In the alloplastic, therapy is usually relatively short and consists essentially of relating combat experiences to present feelings and attitudes. In the autoplastic, a further step can be taken beyond this in that the traumatic experiences are related not merely to their present feelings and attitudes but also to the pretraumatic experiences. We feel that this differentiation is important particularly from a practical therapeutic point of view.",True,True,False,2,0,0,3,0,0,False,False,True,LOW,1945-1979
W2077089048,https://doi.org/10.1177/002200948902400203,"War Neurosis and Cultural Change in England, 1914-22: The Work of the War Office Committee of Enquiry into 'Shell-Shock'",1989,en,article,"The first world war fundamentally challenged inherited social and cultural ideas, including traditional views of mental illness and its treatment. The hordes of English veterans who suffered from warinduced mental illness, or what was then called 'shell-shock', raised the most complex and disturbing questions. Their sufferings not only challenged long-held medical opinions about the nature and treatment of mental illness, but seemed to demand that the very wellsprings of human behaviour be explored anew. Furthermore, so basic were the questions posed by the shell-shock crisis that they ultimately threatened a number of traditional moral values. New views of the mind brought in their wake ambivalence where formerly there had been certainty. An important manifestation of this transformation of values was the Report of the War Office Committee of Enquiry into 'Shell-Shock' which was issued in 1922. On 28 April 1920, Lord Southborough addressed the House of Lords regarding his motion to establish a committee to investigate the nature and treatment of'shell-shock' in the Great War.",True,True,False,2,0,0,2,0,0,False,False,True,LOW,1980+
W2298743613,https://doi.org/10.1177/007327539303100402,"“Minds the Dead Have Ravished”:<sup>1</sup> Shell Shock, History, and the Ecology of Disease-Systems",1993,en,article,"Au cours de la premiere guerre mondiale, une etrange epidemie a touche les soldats anglais: La Psychose. Ce cas precis, sert d'introduction a l'etude de la relation entre les maladies et leur environnement",True,True,False,2,0,0,0,0,0,False,False,True,LOW,1980+
W2098392449,https://doi.org/10.1093/shm/16.2.209,On the Tracks of Trauma: Railway Spine Reconsidered,2003,en,article,"The nineteenth-century medical condition known as ""railway spine"" has recently received considerable attention from medical historians, particularly historians of psychiatry and related fields. An historical interpretation has developed which traces the origins of ""modern"" psychodynamic medicine to the responses of nineteenth-century medical practitioners to railway spine. This interpretation characterizes the debates over railway spine as being between adherents of ""soma"" (i.e. constrained by ""traditional"" Victorian medical thought) and ""psyche"" (i.e. looking forward to ""modern"" psychological approaches). This article argues that this conflict is too sharply drawn and produces a teleologically-driven and misleading impression of the real significance of railway spine. This condition was seen from first to last as an organic disorder, and medical/medico-legal debates over its nature were concerned with the character of the organic processes at work, not with seeking to overturn organic explanations altogether. This has important consequences for historical understanding of the place of railway spine in the emergence of twentieth-century conceptions of traumatic disorder.",True,True,False,2,0,0,0,0,0,False,False,True,LOW,1980+
W2343219957,https://doi.org/10.1056/nejm188310111091501,Possible Cerebral Origin of the Symptoms Usually Classed under Railway Spine,1883,en,article,"Recent investigations have shown that the terms "" spinal concussion "" and "" railway spine,"" long in use to designate a set of symptoms following severe injury, are not only inexact, but misleading, in that they di- rect attention to the spine as the seat of a disturbance which may be, in part at least, situated in the brain.In the extensive literature on ' railway spine "" atten- tion seems for a long time to have been drawn away from the fact that the brain is at least as liable to in- jury from ajar as the spinal cord, while under the ambiguous name "" spinal concussion"" have been grouped all the nervous symptoms following accident, even in those cases in which organic lesions have been found iu the spine on post-mortem examination.This is evidenced, for example, in the work of Erichsen on this subject.",False,True,False,1,0,0,0,0,0,False,False,True,LOW,pre-1945
W2340346512,https://doi.org/10.1056/nejm189101081240206,Gynecological Cases at the Carney Hospital,1891,en,article,"this subject.Out of twenty-four cases investigated by him, ten were genuine and eight were simulators ; the other six had genuine symptoms but they exag- gerated considerably and feigned additional symptoms.Three of tho cases of simulation are given at length, where local hysteria, general traumatic hysteria, and general traumatic neurosis were feigned, and the patients had successfully simulated against the examination of several physicians.Only three of the ten genuine cases had contraction of the field of vision.Rumpfs sign, of quickening of the pulse on pressure on paiuful spots, was not looked for, as Rumpf had uot then made it known.Hoffman claims that there is no method gen- erally available for detecting simulation, but he holds that, with so great a percentage of simulation in his cases, doubt must be thrown on the rarity of simula- tion claimed by Oppenheim and Striimpell.Exaggeration is certainly not uncommon, and is often due to the fact that the patient's statements as to his illness are not believed.These neuroses are of varying sorts, and are seen more commonly after slight injuries than after severe physical concussions.The courts afford an admirable school for teaching the symptoms aud for increasing the uumber of claimants.CHOREA.Meyer "" has analyzed the cases in the Berlin Char- ité.Six-tenths of one per cent, of all children treated in five years had chorea -121 cases, of whom nine per ceut.had rheumatism, thirteen per cent, heart-dis- ease, and two per cent, the two combined.Chorea, he holds, is a symptom, like convulsions, due to various causes.It may be a disease in itself, a neurosis due to psychical causes ; it may arise from organic brain disease; or a disease, due perhaps, to a rheumatic virus, which haB for its symptoms, rheumatism, heart- disease and chorea.Clinical Department.",False,True,False,1,0,0,0,0,0,False,False,True,LOW,pre-1945
W2107367745,https://doi.org/10.1093/brain/16.1-2.203,ON ATTACKS OF LETHARGY AND ON HYPNOTIC SUGGESTION,1893,en,article,"Journal Article ON ATTACKS OF LETHARGY AND ON HYPNOTIC SUGGESTION Get access HITZIG HITZIG Search for other works by this author on: Oxford Academic PubMed Google Scholar Brain, Volume 16, Issue 1-2, 1893, Pages 203–213, https://doi.org/10.1093/brain/16.1-2.203 Published: 01 January 1893",False,True,False,1,0,0,0,0,0,False,False,True,LOW,pre-1945
W2020640447,https://doi.org/10.1001/jama.1894.02421080026001m,"ON THE LIMITATIONS OF SURGERY IN THE TREATMENT OF THE NEUROSES.Read before the Michigan State Medical Society, May, 1894.",1894,en,article,"A hardy young Englishman who had followed the hounds, fallen from his horse, wrestled, boxed and enjoyed the varied experiences of an out-of-door life takes to sedentary life, hard study with little or no recreation, and having thus changed his mode of life, slips one winter morning on his own doorstep, bumps down the five successive steps on his buttocks—considers the incident simply as rather undignified and amusing, goes down town and, a few hours later, has to be assisted to his home, where he takes to his bed. He becomes paralyzed in both legs, has enormous exaggeration of the reflexes, takes to tears or laughter, elation or depression on trivial provocation, fears yet longs for his doctor's daily visits, perspires, grows cold or flushes, becomes faint, his heart palpitates, he is harassed by insomnia; in short, presents the typical symptoms of railway spine and brain and is confined to",False,True,False,1,0,0,0,0,0,False,False,True,LOW,pre-1945
W2103349399,https://doi.org/10.1093/brain/17.2.286,HYSTERIA AND NEURASTHENIA,1894,en,article,"Journal Article HYSTERIA AND NEURASTHENIA: VII.—Papers on the Traumatic Neurosis Get access J. MITCHELL CLARKE, M.A., M.D., M.R.C.P. J. MITCHELL CLARKE, M.A., M.D., M.R.C.P. Physician to the Bristol General Hospital Search for other works by this author on: Oxford Academic PubMed Google Scholar Brain, Volume 17, Issue 2, 1894, Pages 286–297, https://doi.org/10.1093/brain/17.2.286 Published: 01 April 1894",False,True,False,1,0,0,0,0,0,False,False,True,LOW,pre-1945
W4206735500,https://doi.org/10.1001/jama.1894.02420910033007,THE VALUE OF A WOMAN'S HEALTH.,1894,en,article,"The Supreme Court of Minnesota holds, in the case of Galloway v. Chicago, Milwaukee &amp; St. Paul Railway Company, decided Jan. 30, 1894, that where the evidence tends to show that prior to sustaining a personal injury a woman was healthy and active, but by such injury is rendered a helpless invalid an award of $10,000 damages is not so large as to warrant a reviewing court in saying that they are excessive. The immediate injury in this case, for which that amount of damages was awarded, was a wound on the knee, seemingly, in and of itself, a comparatively small one. But it was claimed, and the evidence tended to prove, that this caused a nervous shock, which resulted in the development of heart disease, and in traumatic neurosis. It will further be seen to have been one of the class of cases where about the only available evidence",False,True,False,1,0,0,0,0,0,False,False,True,LOW,pre-1945
W1985084668,https://doi.org/10.1097/00005053-189508000-00004,TWO CASES OF ???RAILWAY-SPINE??? WITH AUTOPSY,1895,en,article,"Clinical Professor of Nervous Diseases. Jefferson Medical College, Neurologist to the Philadelphia Hospital",False,True,False,1,0,0,0,0,0,False,False,True,LOW,pre-1945
W1981938348,https://doi.org/10.1097/00005053-189610000-00019,Contribution ?? l????tude Des ??tats Cataleptiques Dans Les Maladies Mentales,1896,fr,article,"HOOK REVIEWS.7 07 strange, however, to see, for instance, traumatic epilepsy classed here under the designation of a pure functional neurosis.Parkinson's disease looks also somewhat strange under this heading.Although the patho¬ logical anatomy of this disease is still rather obscure, we yet can hardlv conceive that there should not he some organic lesion behind it which could not he discovered yet by me 111s of the technic at our disposal.C. attributes hut little importance to the traumatism itself in the causation of the diseases of this group.He finds 011 the eontrarv that the emotion connected with the circumstances under which the trauma¬ tism took place, is the chief etiological factor.It is quite otherwise Avilh group A, the grave traumatic neurosis de¬ pendent upon organic lesions.There the manner of the traumatism is etiologically of great importance, while the moral emotion plays an in¬ significant part.As has been affirmed by Yibert, the traumatism pro¬ ducing these forms of the dise-se were of a nature to produce a more or less violent physical concussion as, for instance, railroad accidents, in¬ breaks, fal's, explosions, violent shocks on the head, and the like.It would lead too far to enter upon the symptomatology, etc., of tilegrave forms of ""traumatic neurosis,"" which are described in an attract¬ ing and interesting manner.He it added, however, that according to Crocq s view, in accordance with that of Kriehsen and Yibert, the or¬ ganic lesion underlying these grave forms of "" traumatic neurosis"" is probably in most of the cases a chronic meningo-enccphalomyelitis dif¬ fusa O11 the whole the subject is treated thoroughly and critically and the reader will find the book a convenient guide on the literature of the subject which it discusses.H. ON l IF.",False,True,False,1,0,0,0,0,0,False,False,True,LOW,pre-1945
W1552683784,https://doi.org/10.5962/bhl.title.59924,"How to know the wild flowers; a guide to the names, haunts, and habits of our common wild flowers",1898,en,book,"ONE of these days some one will give us a hand-book of our wild flowers, by the aid of which we shall all be able to name those we gather in our walks without the trouble of analyzing them.",False,True,False,1,0,0,0,0,0,False,False,True,LOW,pre-1945
W2051038250,https://doi.org/10.1001/jama.1898.72440690016002a,RAILWAY SPINE AND LITIGATION SYMPTOMS.,1898,en,article,"pentine, soap, oil, etc.To be effective the enemata should be introduced slowly with the patient in the knee-chest position, so that the fluid may traverse the whole length of the colon.Massage may be resorted to advantageously as well.Cases occur where none of these measures prove effective in breaking down and dislodging these fecal masses and the symptoms of obstruction persist.The",False,True,False,1,0,0,0,0,0,False,False,True,LOW,pre-1945
W4238644653,https://doi.org/10.1001/jama.1898.02440570047025,"Transactions of the Luzerne County Medical Society for the year ending Dec. 31, 1897.",1898,en,article,"The contents of this volume comprise: ""The Hygiene of the Jews;"" ""Progressive Pernicious Anemia;"" ""Diabetes;"" ""Intubation and Antitoxin in Membranous Croup;"" ""The Modern Conception of the Nervous System;"" ""Operative Interference in Epilepsy;"" "" Discussion of Measles;"" ""Fracture of Skull and Treatment;"" ""Treatment of Phthisis;"" ""Mastoid Disease Followed by Sinus Thrombosis, Meningitis and Death;"" "" Traumatic Neurosis;"" "" Placenta Previa;"" ""Cerebral Localization;"" "" Double Consciousness;"" ""Serum Therapy;"" "" The Proposed Sanitarium for Tuberculosis at White Haven;"" "" Hematozoön Malariæ;"" "" Tetanus;"" "" Acute Diseases of the Heart;"" ""Syphilis,"" and ""The Theory of the Extension and Retraction of the Neuron Terminal."" The excellent paper and typography make this volume a credit to the Society.",False,True,False,1,0,0,0,0,0,False,False,True,LOW,pre-1945
W1971314858,https://doi.org/10.1097/00005053-190008000-00021,"DIE ERKRANKUGEN DES NERVENSYSTEMS NACH UNFÄLLEN, MIT BESONDERER BERÄCKSICHTIGUNG DER UNTERSUCHUNG UND BEGUTACHTUNG",1900,de,article,"It has been 6aid with justice that it is more difficult to write an acceptable short book than an equally acceptable long 'one; The authors of the volume before us have made no effort at condensation, and the result is a somewhat tedious treatise of over 550 pages on a well-worn subject.One's feeling grows stronger with each page read that if there were fewer words and less unnecessary detail regarding matters known to every intelligent physician, the book would gain materially in force and usefulness.The hope is expressed in the preface that the book may be of use to the general practitioner of medicine, who may be called upon to give expert testimony in accident cases, as well as to the more accomplished neurologist.To this end many matters are introduced in the text which would not otherwise find a place, as, for example, de¬ tails relating to the anatomy and physiology of the nervous system, and methods of examination.This aim, so often attempted, of reaching two classes of readers widely separated in their medical training, is not, in this volume, satisfactorily attained.The specialist, in his search for fundamental principles, is annoyed by a mass of perfectly commonplace and to him self-evident details, whereas the so-called general practi¬ tioner would certainly not go to so ponderous a book for aid in the formation of his opinion.It is to be regretted, therefore, that the book was not written with the avowed purpose of appealing to experts; in that case, we should no doubt have had a briefer and more readable treatise.The authors write on the basis of a large experience and matured judgment in dealing with this always difficult class of legal cases; in all, they have made observations in approximately 30,000 cases following accident, certainly a sufficient number upon which to base conclusions of moment.As we have already indicated, not only is the general sub¬ ject covered, but numerous collateral matters are introduced, which ex¬ tend the scope of the book to a considerable degree.The views of the authors are in accord with the weight of present opinion regarding the nature of the neuroses following accident.They take the conservative ground regarding simulation which must now be regarded as established, and which they express as follows: ""Eine absolut reine Simulation bei ganz gesunden Menschen ist etwas ausserst Seltenes"" (an absolutely pure simulation in perfectly normal persons is exceedingly rare).Regarding terminology, the phrase, ""traumatic neurosis,"" is con¬ spicuous by its absence.The authors believe it a dangerous because a convenient term, and are urgent that when we are ignorant of the exact diagnosis in a given case we should use a circumlocution rather than employ the easy method of terming it a ""traumatic neurosis.""This explanation is made with a certain apology to Oppenheim and a recognition of his services in the investigation of the various morbid conditions included under that name.Sixty-nine cases are cited in con¬ siderable detail, illustrative of the various predominant forms in which the accident neuroses may manifest themselves.This is certainly a practical and valuable portion of the book.",False,True,False,1,0,0,0,0,0,False,False,True,LOW,pre-1945
W2015280977,https://doi.org/10.1001/jama.1900.24620380013002c,PROGNOSIS AND TREATMENT OF THE TRAUMATIC NEUROSES.,1900,en,article,"The most serious problem which arises in connection with disorders of the nervous system, following railroad or other accidents, is what the outcome will be. The first question asked of a physician when called in to examine a case of traumatic neurosis, either by the patient himself or the corporation by whom he is called, is, whether the patient will recover, and if so, in how long a time. The prognosis in the traumatic neuroses depends upon a number of circumstancess and conditions, and first of all we must determine what is meant by the ""traumatic neuroses."" Different writers on this subject seem to have views somewhat at variance. Some —for example, Oppenheim and Strümpel—consider the traumatic neuroses as a separate class of nervous diseases, making a distinction between them and traumatic neurasthenia and traumatic hysteria. At the present day, however, it is generally considered that the traumatic neuroses include",False,True,False,1,0,0,0,0,0,False,False,True,LOW,pre-1945
W2030514277,https://doi.org/10.1001/jama.1901.62470500033002m,REMARKS ON THE TRAUMATIC NEUROSES.,1901,en,article,"I think we are agreed in understanding traumatic neuroses to mean functional disturbance of the nervous system caused by traumatism. In the present state of society this traumatism is generally accidental. We are doubtless also agreed that in the symptomatology of the traumatic neuroses there is nothing pathognomonic of injury by violence and that a case of traumatic neurosis generally presents a picture of hysteria, neurasthenia or hypochondria, or, what is more frequent, a combination of two or all three of these neuroses. A certain admixture of melancholia is far from rare. In the diagnosis of any neurosis the most essential step is not the recognition of a neurosis, but the exclusion of organic disease. For this a single examination will not always suffice, as a combination of the two is very common, and the former may so obscure the latter as to make its prompt and positive recognition impossible.",False,True,False,1,0,0,0,0,0,False,False,True,LOW,pre-1945
W2044436730,https://doi.org/10.1001/jama.1901.62470460012001e,"SAMUEL FULLER—PILGRIM, DOCTOR AND DEACON.",1901,en,article,"""The names of those which came over first, in ye year 1620, and were by the blessing of God the first beginers and (in a sort) the foundation of all the Plantations and Colonies in New England; and their families.""<sup>1</sup>So reads the quaint caption of Governor William Bradford's list of the<i>Mayflower</i>passengers, appended to his ""History of Plimouth Plantation."" Among the passengers, we read the name of ""Mr. Samuell Fuller, and a servant caled William Butten. His wife was behind, a child which came afterwards.""<sup>2</sup>Bridget Fuller, the wife of ""Samuell,"" with a child who soon died, came over in the ship<i>Anne</i>, and landed at Plymouth in August, 1623; hence, both Samuel Fuller and his wife are properly classed among the ""old comers"" or the ""forefathers,"" as the forefathers included all those who came in the first three ships; the<i>Mayflower</i>, the<i>Fortune</i>, and the",False,True,False,1,0,0,0,0,0,False,False,True,LOW,pre-1945
W2002077843,https://doi.org/10.1192/bjp.48.202.571-a,"On Objective Signs of Disturbed Sensation in Cases of Traumatic Neurosis—so called [Ueber objective Symptome der Stürungen der Sensibilität bei den sogen traumatischen Neurosen]. (Monats. f. Psychiat. u. Neurol., February, 1901.) Bechterew",1902,en,article,"In cases of traumatic neurosis we are often called upon to decide whether complaints by patients of disturbed sensibility are well founded or due to malingering. In the present paper Bechterew draws attention to the importance in such cases of observing the objective signs of disturbed sensation—anæsthesia, hyperæsthesia, paræsthesia, or pain. Though first described by Mannkopf, the author claims priority in establishing the importance of these signs.",False,True,False,1,0,0,0,0,0,False,False,True,LOW,pre-1945
W2155379154,https://doi.org/10.1136/bmj.2.2429.125,A Clinical Lecture ON THE VIBRATING SENSATION IN DISEASES OF THE NERVOUS SYSTEM: Delivered at the Manchester Royal Infirmary,1907,en,article,"the foot of a vibrating tuning-fork over eubcutaneous bony prominences or surfaces, parts of the body, a pecaliar vibrating To this sensation the names of ""' vibrating sensation feeling,"" "" bone sensibility,"" and "" "" been given. Though the sensations produced tuning-forks had beenstudied by Rumpf in Germany many years ago, it was Egger, especially directed attention to the subject Subsequently the vibrating sensation has carefully studied by Seiffer and Rydel, by Goldscheider, -others in Germany, by Mdinor, and by Sterling in Russia, and by Marinesco in Roumania. Some tuning-Iorks produce a much better vibrating sensation than others. Many of the smaller English tuning forks pro- duce very little of the sensiation, and are almost useleSs in clinical work. Moreover, there is often consider-",False,True,False,1,0,0,0,0,0,False,False,True,LOW,pre-1945
W4253829533,https://doi.org/10.1001/jama.1907.25220410036001k,TRAUMATIC NEUROSIS.,1907,en,article,"Traumatic neurosis is a nervous disease following injury, in which there is no demonstrable structural lesion of the nervous system. The symptoms are much like those of the common functional diseases of the nervous system, and may be spoken of as traumatic hysteria or traumatic neurasthenia. Commonly, however, we find symptoms of both of these disorders in the same patient and not rarely the clinical picture may not be that of either of them. Litigation is a frequent complication which materially affects the clinical history. It, not rarely, warps the judgment of the physician, and may doubly influence the patient, the many attendant conditions disastrously affecting his nervous system, while the money dangling over his head leads him, consciously or unconsciously, to distort his symptoms. The following cases are typical of a common form of traumatic neurosis, and a long period of observation gives special value to their study. I",False,True,False,1,0,0,0,0,0,False,False,True,LOW,pre-1945
W2048526001,https://doi.org/10.1001/jama.1909.92550030007002a,TRAUMATIC NEUROSIS,1909,en,article,"I would like to speak of a thing that I have thought of.and which I llave come to helie\'e in more and more firmly as time passes, and that is the necessity of teaching and studying this subject in a concrete way, namely, by psychopathic wards- not at a great distance from the city, not in connection with an ordinary insane asylum, but in intimate association with an ordinary general hospital.I feel sure that there ought to be a psychopathic ward in connection with every great university hospital, and in this ward disease should be studied in exactly the way that Dr. Tomlinson has pointed out.There is a psy¬ chopathic ward in Pittsburg, in connection with St. Francis Hospital.In many ways it is not ideal, but we arc trying 'n> work along the lines indicated.St. Francis is one, I think, of only two or three similar general hospitals in the United States providing a psychopathic ward.Dr. H. A. Tomlinson, St. Peter: Since coming to Atlantic City I had the opportunity to discuss with a medical friend a ease in which he went into the most minute details of the men¬ tal condition of the patient from the standpoint of modern German metaphysics, and he wondered why there had been no improvement in the condition of the patient.I discussed the case from the standpoint described in my paper, and found that there was well-defined evidence, not only in the heredity of the patient, but in the personal history, of the presence of physical conditions sufficient to determine the grafting of men¬ tal disturbance on an unstable nervous system ; as well as the signs of chronic intoxication, the persistence of which would preclude recovery.I firmly believe that if we are going to deal with insanity successfully, we must give up this futile dally¬ ing with metaphysics, and recognize that we are dealing with the general organism.",False,True,False,1,0,0,0,0,0,False,False,True,LOW,pre-1945
